Name,Address,Opening Hours,Popular Times
Eaton Aerospace,"4690 Colorado Blvd, Los Angeles, CA 90039, USA",Not available,Not available
Eaton Canyon Nature Center,"1750 N Altadena Dr, Pasadena, CA 91107, USA",Not available,Not available
Eaton Aerospace,"4690 Colorado Blvd, Los Angeles, CA 90039, USA",Not available,Not available
Eat'n Park Restaurant,"2517 W Victory Blvd, Burbank, CA 91505, USA","['Monday: 6:00\u202fAM\u2009–\u20091:30\u202fPM', 'Tuesday: 6:00\u202fAM\u2009–\u20091:30\u202fPM', 'Wednesday: 6:00\u202fAM\u2009–\u20091:30\u202fPM', 'Thursday: 6:00\u202fAM\u2009–\u20091:30\u202fPM', 'Friday: 6:00\u202fAM\u2009–\u20091:30\u202fPM', 'Saturday: 6:00\u202fAM\u2009–\u20091:30\u202fPM', 'Sunday: 6:00\u202fAM\u2009–\u20091:30\u202fPM']","[{'name': 'Monday', 'data': [0, 0, 0, 0, 0, 0, 9, 16, 25, 37, 43, 43, 31, 15, 0, 0, 0, 0, 0, 0, 0, 0, 0, 0]}, {'name': 'Tuesday', 'data': [0, 0, 0, 0, 0, 0, 10, 19, 24, 30, 32, 29, 24, 12, 0, 0, 0, 0, 0, 0, 0, 0, 0, 0]}, {'name': 'Wednesday', 'data': [0, 0, 0, 0, 0, 0, 4, 11, 24, 32, 36, 31, 21, 11, 0, 0, 0, 0, 0, 0, 0, 0, 0, 0]}, {'name': 'Thursday', 'data': [0, 0, 0, 0, 0, 0, 18, 25, 33, 43, 46, 42, 29, 17, 0, 0, 0, 0, 0, 0, 0, 0, 0, 0]}, {'name': 'Friday', 'data': [0, 0, 0, 0, 0, 0, 14, 26, 42, 55, 57, 53, 38, 22, 0, 0, 0, 0, 0, 0, 0, 0, 0, 0]}, {'name': 'Saturday', 'data': [0, 0, 0, 0, 0, 0, 14, 30, 54, 81, 96, 86, 61, 30, 0, 0, 0, 0, 0, 0, 0, 0, 0, 0]}, {'name': 'Sunday', 'data': [0, 0, 0, 0, 0, 0, 15, 31, 55, 81, 100, 96, 75, 43, 0, 0, 0, 0, 0, 0, 0, 0, 0, 0]}]"
Eaton Canyon Falls,"1750 N Altadena Dr, Altadena, CA 91001, USA",Not available,Not available
Eaton Designs,"3037 N Coolidge Ave, Los Angeles, CA 90039, USA",Not available,Not available
Easton-Rancho Park Archery Range,"2551 Motor Ave, Los Angeles, CA 90064, USA","['Monday: 8:00\u202fAM\u2009–\u200910:00\u202fPM', 'Tuesday: 8:00\u202fAM\u2009–\u200910:00\u202fPM', 'Wednesday: 8:00\u202fAM\u2009–\u200910:00\u202fPM', 'Thursday: 8:00\u202fAM\u2009–\u200910:00\u202fPM', 'Friday: 8:00\u202fAM\u2009–\u200910:00\u202fPM', 'Saturday: 8:00\u202fAM\u2009–\u200910:00\u202fPM', 'Sunday: 8:00\u202fAM\u2009–\u200910:00\u202fPM']","[{'name': 'Monday', 'data': [0, 0, 0, 0, 0, 0, 0, 0, 21, 20, 23, 26, 30, 30, 24, 19, 27, 34, 30, 28, 25, 15, 0, 0]}, {'name': 'Tuesday', 'data': [0, 0, 0, 0, 0, 0, 0, 0, 15, 19, 24, 21, 26, 21, 16, 21, 23, 41, 42, 42, 32, 27, 0, 0]}, {'name': 'Wednesday', 'data': [0, 0, 0, 0, 0, 0, 0, 0, 25, 31, 35, 26, 30, 18, 21, 15, 21, 28, 37, 40, 46, 37, 0, 0]}, {'name': 'Thursday', 'data': [0, 0, 0, 0, 0, 0, 0, 0, 18, 34, 39, 49, 51, 55, 46, 27, 31, 50, 67, 53, 35, 22, 0, 0]}, {'name': 'Friday', 'data': [0, 0, 0, 0, 0, 0, 0, 0, 18, 28, 30, 28, 24, 17, 16, 12, 19, 20, 32, 29, 37, 25, 0, 0]}, {'name': 'Saturday', 'data': [0, 0, 0, 0, 0, 0, 0, 0, 27, 53, 74, 76, 72, 65, 58, 53, 51, 38, 19, 8, 7, 5, 0, 0]}, {'name': 'Sunday', 'data': [0, 0, 0, 0, 0, 0, 0, 0, 36, 53, 61, 72, 79, 93, 100, 86, 62, 43, 37, 27, 26, 19, 0, 0]}]"
Parking place for Eaton Canyon Falls,"1750 N Altadena Dr, Pasadena, CA 91107, USA",Not available,Not available
Griffith Observatory,"2800 E Observatory Rd, Los Angeles, CA 90027, USA","['Monday: Closed', 'Tuesday: 12:00\u2009–\u200910:00\u202fPM', 'Wednesday: 12:00\u2009–\u200910:00\u202fPM', 'Thursday: 12:00\u2009–\u200910:00\u202fPM', 'Friday: 12:00\u2009–\u200910:00\u202fPM', 'Saturday: 10:00\u202fAM\u2009–\u200910:00\u202fPM', 'Sunday: 10:00\u202fAM\u2009–\u200910:00\u202fPM']","[{'name': 'Monday', 'data': [0, 0, 0, 0, 0, 0, 0, 0, 0, 0, 0, 0, 0, 0, 0, 0, 0, 0, 0, 0, 0, 0, 0, 0]}, {'name': 'Tuesday', 'data': [0, 0, 0, 0, 0, 0, 0, 0, 0, 0, 0, 0, 53, 64, 70, 71, 69, 63, 55, 47, 36, 23, 0, 0]}, {'name': 'Wednesday', 'data': [0, 0, 0, 0, 0, 0, 0, 0, 0, 0, 0, 0, 52, 62, 68, 71, 72, 69, 62, 52, 41, 27, 0, 0]}, {'name': 'Thursday', 'data': [0, 0, 0, 0, 0, 0, 0, 0, 0, 0, 0, 0, 53, 64, 70, 72, 72, 70, 65, 58, 47, 32, 0, 0]}, {'name': 'Friday', 'data': [0, 0, 0, 0, 0, 0, 0, 0, 0, 0, 0, 0, 65, 77, 86, 91, 91, 85, 77, 69, 57, 41, 0, 0]}, {'name': 'Saturday', 'data': [0, 0, 0, 0, 0, 0, 0, 0, 0, 0, 60, 78, 87, 90, 93, 97, 99, 98, 92, 82, 66, 46, 0, 0]}, {'name': 'Sunday', 'data': [0, 0, 0, 0, 0, 0, 0, 0, 0, 0, 55, 73, 84, 89, 93, 96, 100, 98, 90, 76, 59, 39, 0, 0]}]"
Hurst Ranch Historical Center,"3320 1227 S Orange Ave, West Covina, CA 91790, USA","['Monday: 9:00\u202fAM\u2009–\u20092:00\u202fPM', 'Tuesday: 9:00\u202fAM\u2009–\u20092:00\u202fPM', 'Wednesday: 9:00\u202fAM\u2009–\u20092:00\u202fPM', 'Thursday: 9:00\u202fAM\u2009–\u20092:00\u202fPM', 'Friday: Closed', 'Saturday: Closed', 'Sunday: Closed']",Not available
THE STONEHURST,"9485 Stonehurst Ave, Shadow Hills, CA 91352, USA",Not available,Not available
Whitehurst,"3119 W Imperial Hwy, Inglewood, CA 90303, USA","['Monday: 11:30\u202fAM\u2009–\u20097:30\u202fPM', 'Tuesday: 11:30\u202fAM\u2009–\u20097:30\u202fPM', 'Wednesday: 11:30\u202fAM\u2009–\u20097:30\u202fPM', 'Thursday: 11:30\u202fAM\u2009–\u20097:30\u202fPM', 'Friday: 11:00\u202fAM\u2009–\u20098:00\u202fPM', 'Saturday: 11:00\u202fAM\u2009–\u20098:00\u202fPM', 'Sunday: Closed']","[{'name': 'Monday', 'data': [0, 0, 0, 0, 0, 0, 0, 0, 0, 0, 0, 34, 46, 39, 41, 48, 41, 43, 31, 29, 0, 0, 0, 0]}, {'name': 'Tuesday', 'data': [0, 0, 0, 0, 0, 0, 0, 0, 0, 0, 0, 24, 56, 68, 68, 58, 65, 53, 34, 17, 0, 0, 0, 0]}, {'name': 'Wednesday', 'data': [0, 0, 0, 0, 0, 0, 0, 0, 0, 0, 0, 26, 34, 41, 31, 36, 51, 48, 53, 24, 0, 0, 0, 0]}, {'name': 'Thursday', 'data': [0, 0, 0, 0, 0, 0, 0, 0, 0, 0, 0, 39, 58, 65, 63, 48, 43, 60, 58, 36, 0, 0, 0, 0]}, {'name': 'Friday', 'data': [0, 0, 0, 0, 0, 0, 0, 0, 0, 0, 0, 34, 48, 60, 78, 95, 100, 100, 85, 60, 0, 0, 0, 0]}, {'name': 'Saturday', 'data': [0, 0, 0, 0, 0, 0, 0, 0, 0, 0, 0, 26, 39, 36, 41, 58, 78, 87, 70, 39, 0, 0, 0, 0]}, {'name': 'Sunday', 'data': [0, 0, 0, 0, 0, 0, 0, 0, 0, 0, 0, 0, 0, 0, 0, 0, 0, 0, 0, 0, 0, 0, 0, 0]}]"
Ovation Hollywood,"6801 Hollywood Blvd, Hollywood, CA 90028, USA","['Monday: 10:00\u202fAM\u2009–\u200910:00\u202fPM', 'Tuesday: 10:00\u202fAM\u2009–\u200910:00\u202fPM', 'Wednesday: 10:00\u202fAM\u2009–\u200910:00\u202fPM', 'Thursday: 10:00\u202fAM\u2009–\u200910:00\u202fPM', 'Friday: 10:00\u202fAM\u2009–\u200910:00\u202fPM', 'Saturday: 10:00\u202fAM\u2009–\u200910:00\u202fPM', 'Sunday: 10:00\u202fAM\u2009–\u200910:00\u202fPM']","[{'name': 'Monday', 'data': [0, 0, 0, 0, 0, 0, 0, 0, 0, 0, 26, 37, 47, 53, 58, 60, 59, 56, 53, 48, 42, 36, 0, 0]}, {'name': 'Tuesday', 'data': [0, 0, 0, 0, 0, 0, 0, 0, 0, 0, 27, 35, 42, 47, 50, 52, 53, 50, 46, 41, 37, 34, 0, 0]}, {'name': 'Wednesday', 'data': [0, 0, 0, 0, 0, 0, 0, 0, 0, 0, 23, 33, 42, 49, 54, 58, 59, 57, 54, 49, 44, 40, 0, 0]}, {'name': 'Thursday', 'data': [0, 0, 0, 0, 0, 0, 0, 0, 0, 0, 28, 39, 46, 51, 56, 59, 62, 61, 59, 56, 53, 49, 0, 0]}, {'name': 'Friday', 'data': [0, 0, 0, 0, 0, 0, 0, 0, 0, 0, 31, 42, 51, 58, 64, 68, 70, 70, 71, 71, 69, 65, 0, 0]}, {'name': 'Saturday', 'data': [0, 0, 0, 0, 0, 0, 0, 0, 0, 0, 36, 52, 68, 82, 92, 98, 100, 97, 92, 85, 78, 71, 0, 0]}, {'name': 'Sunday', 'data': [0, 0, 0, 0, 0, 0, 0, 0, 0, 0, 34, 49, 64, 76, 85, 89, 89, 85, 79, 72, 62, 52, 0, 0]}]"
Avila Adobe,"10 Olvera St, Los Angeles, CA 90012, USA","['Monday: Closed', 'Tuesday: 9:00\u202fAM\u2009–\u20094:00\u202fPM', 'Wednesday: 9:00\u202fAM\u2009–\u20094:00\u202fPM', 'Thursday: 9:00\u202fAM\u2009–\u20094:00\u202fPM', 'Friday: 9:00\u202fAM\u2009–\u20094:00\u202fPM', 'Saturday: 9:00\u202fAM\u2009–\u20094:00\u202fPM', 'Sunday: 9:00\u202fAM\u2009–\u20094:00\u202fPM']","[{'name': 'Monday', 'data': [0, 0, 0, 0, 0, 0, 0, 0, 0, 0, 0, 0, 0, 0, 0, 0, 0, 0, 0, 0, 0, 0, 0, 0]}, {'name': 'Tuesday', 'data': [0, 0, 0, 0, 0, 0, 0, 0, 0, 16, 20, 25, 22, 35, 29, 23, 0, 0, 0, 0, 0, 0, 0, 0]}, {'name': 'Wednesday', 'data': [0, 0, 0, 0, 0, 0, 0, 0, 0, 10, 19, 18, 28, 45, 54, 62, 0, 0, 0, 0, 0, 0, 0, 0]}, {'name': 'Thursday', 'data': [0, 0, 0, 0, 0, 0, 0, 0, 0, 25, 25, 40, 50, 46, 32, 24, 0, 0, 0, 0, 0, 0, 0, 0]}, {'name': 'Friday', 'data': [0, 0, 0, 0, 0, 0, 0, 0, 0, 37, 64, 79, 83, 63, 44, 23, 0, 0, 0, 0, 0, 0, 0, 0]}, {'name': 'Saturday', 'data': [0, 0, 0, 0, 0, 0, 0, 0, 0, 45, 58, 58, 75, 76, 96, 85, 0, 0, 0, 0, 0, 0, 0, 0]}, {'name': 'Sunday', 'data': [0, 0, 0, 0, 0, 0, 0, 0, 0, 36, 71, 88, 92, 92, 100, 77, 0, 0, 0, 0, 0, 0, 0, 0]}]"
"The Hoxton, Downtown LA","1060 S Broadway, Los Angeles, CA 90015, USA","['Monday: Open 24 hours', 'Tuesday: Open 24 hours', 'Wednesday: Open 24 hours', 'Thursday: Open 24 hours', 'Friday: Open 24 hours', 'Saturday: Open 24 hours', 'Sunday: Open 24 hours']",Not available
STILE Downtown Los Angeles by Kasa,"929 S Broadway, Los Angeles, CA 90015, USA",Not available,Not available
TCL Chinese Theatre,"6925 Hollywood Blvd, Hollywood, CA 90028, USA",Not available,Not available
Hilton Garden Inn Los Angeles/Hollywood,"2005 Highland Ave, Los Angeles, CA 90068, USA",Not available,Not available
Hollywood Sign,"Los Angeles, CA 90068, USA",Not available,Not available
Campo De Cahuenga,"Campo De Cahuenga Park, 3919 Lankershim Blvd, Studio City, CA 91604, USA","['Monday: Closed', 'Tuesday: Closed', 'Wednesday: Closed', 'Thursday: 10:00\u202fAM\u2009–\u20092:00\u202fPM', 'Friday: 10:00\u202fAM\u2009–\u20092:00\u202fPM', 'Saturday: 10:00\u202fAM\u2009–\u20092:00\u202fPM', 'Sunday: Closed']",Not available
Dolby Theatre,"6801 Hollywood Blvd, Hollywood, CA 90028, USA","['Monday: Open 24 hours', 'Tuesday: Open 24 hours', 'Wednesday: Open 24 hours', 'Thursday: Open 24 hours', 'Friday: Open 24 hours', 'Saturday: Open 24 hours', 'Sunday: Open 24 hours']","[{'name': 'Monday', 'data': [19, 8, 3, 2, 3, 4, 6, 9, 13, 19, 26, 29, 32, 34, 35, 36, 35, 34, 32, 32, 30, 26, 20, 14]}, {'name': 'Tuesday', 'data': [7, 3, 2, 2, 3, 5, 7, 9, 14, 18, 24, 27, 29, 31, 33, 33, 33, 32, 33, 33, 33, 32, 29, 21]}, {'name': 'Wednesday', 'data': [11, 4, 1, 2, 1, 3, 5, 8, 11, 16, 21, 25, 27, 28, 29, 30, 30, 31, 33, 33, 32, 30, 26, 21]}, {'name': 'Thursday', 'data': [11, 6, 2, 1, 3, 4, 7, 10, 15, 22, 30, 35, 38, 40, 44, 47, 48, 47, 51, 55, 57, 54, 43, 32]}, {'name': 'Friday', 'data': [17, 9, 5, 3, 2, 4, 7, 9, 14, 20, 28, 33, 38, 41, 44, 46, 50, 57, 71, 89, 100, 99, 80, 59]}, {'name': 'Saturday', 'data': [31, 16, 6, 3, 3, 3, 5, 7, 12, 20, 27, 38, 54, 77, 93, 98, 92, 79, 71, 71, 76, 77, 71, 58]}, {'name': 'Sunday', 'data': [33, 16, 7, 4, 2, 3, 5, 8, 11, 15, 20, 29, 37, 45, 49, 52, 51, 51, 52, 58, 61, 61, 52, 37]}]"
Hertz Car Rental - Los Angeles - N Lacienega Boulevard,"450 N La Cienega Blvd, Los Angeles, CA 90048, USA","['Monday: 8:00\u202fAM\u2009–\u20095:00\u202fPM', 'Tuesday: 8:00\u202fAM\u2009–\u20095:00\u202fPM', 'Wednesday: 8:00\u202fAM\u2009–\u20095:00\u202fPM', 'Thursday: 8:00\u202fAM\u2009–\u20095:00\u202fPM', 'Friday: 8:00\u202fAM\u2009–\u20095:00\u202fPM', 'Saturday: 9:00\u202fAM\u2009–\u200912:00\u202fPM', 'Sunday: Closed']",Not available
"Dr. Ronald Hurst, MD, FACS","11800 Wilshire Blvd, Los Angeles, CA 90025, USA",Not available,Not available
HillHurst Tax Group,"2150 Hillhurst Ave, Los Angeles, CA 90027, USA","['Monday: 8:00\u202fAM\u2009–\u20099:00\u202fPM', 'Tuesday: 8:00\u202fAM\u2009–\u20099:00\u202fPM', 'Wednesday: 8:00\u202fAM\u2009–\u20099:00\u202fPM', 'Thursday: 8:00\u202fAM\u2009–\u20099:00\u202fPM', 'Friday: 8:00\u202fAM\u2009–\u20099:00\u202fPM', 'Saturday: 9:00\u202fAM\u2009–\u20095:00\u202fPM', 'Sunday: Closed']",Not available
"Dr. Ronald Hurst, MD, FACS","11800 Wilshire Blvd, Los Angeles, CA 90025, USA",Not available,Not available
North East Mall,"1101 Melbourne Rd, Hurst, TX 76053, USA","['Monday: 10:00\u202fAM\u2009–\u20098:00\u202fPM', 'Tuesday: 10:00\u202fAM\u2009–\u20098:00\u202fPM', 'Wednesday: 10:00\u202fAM\u2009–\u20098:00\u202fPM', 'Thursday: 10:00\u202fAM\u2009–\u20098:00\u202fPM', 'Friday: 10:00\u202fAM\u2009–\u20099:00\u202fPM', 'Saturday: 10:00\u202fAM\u2009–\u20099:00\u202fPM', 'Sunday: 12:00\u202fAM\u2009–\u20096:00\u202fPM']","[{'name': 'Monday', 'data': [0, 0, 0, 0, 0, 0, 0, 0, 0, 0, 20, 32, 40, 45, 45, 45, 45, 45, 44, 37, 0, 0, 0, 0]}, {'name': 'Tuesday', 'data': [0, 0, 0, 0, 0, 0, 0, 0, 0, 0, 21, 32, 40, 44, 45, 44, 43, 42, 39, 32, 0, 0, 0, 0]}, {'name': 'Wednesday', 'data': [0, 0, 0, 0, 0, 0, 0, 0, 0, 0, 17, 27, 35, 38, 38, 37, 38, 39, 38, 33, 0, 0, 0, 0]}, {'name': 'Thursday', 'data': [0, 0, 0, 0, 0, 0, 0, 0, 0, 0, 18, 28, 35, 39, 40, 39, 40, 41, 40, 35, 0, 0, 0, 0]}, {'name': 'Friday', 'data': [0, 0, 0, 0, 0, 0, 0, 0, 0, 0, 29, 44, 55, 61, 63, 62, 62, 64, 64, 58, 45, 0, 0, 0]}, {'name': 'Saturday', 'data': [0, 0, 0, 0, 0, 0, 0, 0, 0, 0, 36, 58, 77, 91, 99, 100, 95, 87, 76, 63, 46, 0, 0, 0]}, {'name': 'Sunday', 'data': [6, 2, 1, 0, 0, 0, 0, 1, 3, 9, 21, 40, 64, 82, 94, 96, 90, 74, 0, 0, 0, 0, 0, 0]}]"
Tire shop taqueria #2,"1743 N Cahuenga Blvd, Los Angeles, CA 90028, USA","['Monday: 5:30\u202fPM\u2009–\u200912:00\u202fAM', 'Tuesday: Closed', 'Wednesday: 6:30\u2009–\u200911:30\u202fPM', 'Thursday: 6:30\u202fPM\u2009–\u20092:00\u202fAM', 'Friday: 6:30\u202fPM\u2009–\u20093:00\u202fAM', 'Saturday: 6:30\u202fPM\u2009–\u20093:00\u202fAM', 'Sunday: 6:30\u202fPM\u2009–\u20092:00\u202fAM']",Not available
Thai on Hillhurst,"1850 Hillhurst Ave, Los Angeles, CA 90027, USA","['Monday: Closed', 'Tuesday: 11:30\u202fAM\u2009–\u20093:00\u202fPM, 5:00\u2009–\u20099:00\u202fPM', 'Wednesday: 11:30\u202fAM\u2009–\u20093:00\u202fPM, 5:00\u2009–\u20099:00\u202fPM', 'Thursday: 11:30\u202fAM\u2009–\u20093:00\u202fPM, 5:00\u2009–\u20099:00\u202fPM', 'Friday: 11:30\u202fAM\u2009–\u20093:00\u202fPM, 5:00\u2009–\u20099:00\u202fPM', 'Saturday: 5:00\u2009–\u20099:00\u202fPM', 'Sunday: 5:00\u2009–\u20099:00\u202fPM']",Not available
Stonehurst Recreation Center,"9901 Dronfield Ave, Sun Valley, CA 91352, USA","['Monday: 9:00\u202fAM\u2009–\u20098:30\u202fPM', 'Tuesday: 9:00\u202fAM\u2009–\u20098:30\u202fPM', 'Wednesday: 9:00\u202fAM\u2009–\u20098:30\u202fPM', 'Thursday: 9:00\u202fAM\u2009–\u20098:30\u202fPM', 'Friday: 9:00\u202fAM\u2009–\u20098:30\u202fPM', 'Saturday: 9:00\u202fAM\u2009–\u20091:00\u202fPM', 'Sunday: Closed']","[{'name': 'Monday', 'data': [0, 0, 0, 0, 0, 0, 0, 0, 0, 26, 31, 32, 42, 32, 40, 40, 48, 63, 66, 58, 30, 0, 0, 0]}, {'name': 'Tuesday', 'data': [0, 0, 0, 0, 0, 0, 0, 0, 0, 33, 36, 49, 62, 70, 69, 71, 85, 100, 100, 81, 43, 0, 0, 0]}, {'name': 'Wednesday', 'data': [0, 0, 0, 0, 0, 0, 0, 0, 0, 20, 18, 13, 18, 35, 45, 51, 54, 58, 60, 46, 23, 0, 0, 0]}, {'name': 'Thursday', 'data': [0, 0, 0, 0, 0, 0, 0, 0, 0, 25, 33, 42, 50, 56, 53, 51, 48, 60, 69, 78, 63, 0, 0, 0]}, {'name': 'Friday', 'data': [0, 0, 0, 0, 0, 0, 0, 0, 0, 26, 33, 48, 57, 58, 52, 57, 62, 91, 90, 85, 61, 0, 0, 0]}, {'name': 'Saturday', 'data': [0, 0, 0, 0, 0, 0, 0, 0, 0, 47, 67, 74, 75, 0, 0, 0, 0, 0, 0, 0, 0, 0, 0, 0]}, {'name': 'Sunday', 'data': [0, 0, 0, 0, 0, 0, 0, 0, 0, 0, 0, 0, 0, 0, 0, 0, 0, 0, 0, 0, 0, 0, 0, 0]}]"
Hirsch Pipe & Supply,"1011 N Gower St, Los Angeles, CA 90038, USA","['Monday: 6:30\u202fAM\u2009–\u20094:30\u202fPM', 'Tuesday: 6:30\u202fAM\u2009–\u20094:30\u202fPM', 'Wednesday: 6:30\u202fAM\u2009–\u20094:30\u202fPM', 'Thursday: 6:30\u202fAM\u2009–\u20094:30\u202fPM', 'Friday: 6:30\u202fAM\u2009–\u20094:30\u202fPM', 'Saturday: 7:30\u2009–\u200911:30\u202fAM', 'Sunday: Closed']","[{'name': 'Monday', 'data': [0, 0, 0, 0, 0, 0, 28, 46, 75, 85, 82, 82, 76, 76, 65, 53, 28, 0, 0, 0, 0, 0, 0, 0]}, {'name': 'Tuesday', 'data': [0, 0, 0, 0, 0, 0, 14, 39, 68, 85, 98, 100, 93, 76, 59, 40, 20, 0, 0, 0, 0, 0, 0, 0]}, {'name': 'Wednesday', 'data': [0, 0, 0, 0, 0, 0, 20, 51, 81, 100, 95, 84, 73, 76, 78, 65, 43, 0, 0, 0, 0, 0, 0, 0]}, {'name': 'Thursday', 'data': [0, 0, 0, 0, 0, 0, 21, 43, 76, 89, 95, 98, 92, 93, 82, 60, 26, 0, 0, 0, 0, 0, 0, 0]}, {'name': 'Friday', 'data': [0, 0, 0, 0, 0, 0, 34, 56, 81, 90, 95, 92, 75, 71, 57, 53, 34, 0, 0, 0, 0, 0, 0, 0]}, {'name': 'Saturday', 'data': [0, 0, 0, 0, 0, 0, 0, 32, 40, 35, 26, 12, 0, 0, 0, 0, 0, 0, 0, 0, 0, 0, 0, 0]}, {'name': 'Sunday', 'data': [0, 0, 0, 0, 0, 0, 0, 0, 0, 0, 0, 0, 0, 0, 0, 0, 0, 0, 0, 0, 0, 0, 0, 0]}]"
Palisades Park,"Ocean Ave, Santa Monica, CA 90401, USA","['Monday: 5:30\u202fAM\u2009–\u200911:00\u202fPM', 'Tuesday: 5:30\u202fAM\u2009–\u200911:00\u202fPM', 'Wednesday: 5:30\u202fAM\u2009–\u200911:00\u202fPM', 'Thursday: 5:30\u202fAM\u2009–\u200911:00\u202fPM', 'Friday: 5:30\u202fAM\u2009–\u200911:00\u202fPM', 'Saturday: 5:30\u202fAM\u2009–\u200911:00\u202fPM', 'Sunday: 6:00\u202fAM\u2009–\u200911:30\u202fPM']",Not available
Temescal Canyon Park,"15900 Pacific Coast Hwy, Pacific Palisades, CA 90272, USA","['Monday: 6:00\u202fAM\u2009–\u20098:30\u202fPM', 'Tuesday: 6:00\u202fAM\u2009–\u20098:30\u202fPM', 'Wednesday: 6:30\u202fAM\u2009–\u20099:00\u202fPM', 'Thursday: 6:00\u202fAM\u2009–\u20098:30\u202fPM', 'Friday: 6:00\u202fAM\u2009–\u20098:30\u202fPM', 'Saturday: 6:00\u202fAM\u2009–\u20098:30\u202fPM', 'Sunday: 6:00\u202fAM\u2009–\u200910:30\u202fPM']","[{'name': 'Monday', 'data': [0, 0, 0, 0, 0, 0, 56, 60, 59, 58, 79, 94, 100, 75, 47, 31, 22, 20, 10, 6, 3, 0, 0, 0]}, {'name': 'Tuesday', 'data': [0, 0, 0, 0, 0, 0, 55, 61, 63, 61, 66, 78, 72, 61, 40, 32, 23, 19, 13, 10, 6, 0, 0, 0]}, {'name': 'Wednesday', 'data': [0, 0, 0, 0, 0, 0, 37, 41, 43, 45, 55, 63, 62, 53, 42, 36, 26, 16, 10, 7, 3, 0, 0, 0]}, {'name': 'Thursday', 'data': [0, 0, 0, 0, 0, 0, 55, 61, 59, 54, 62, 72, 73, 60, 42, 26, 14, 13, 12, 6, 3, 0, 0, 0]}, {'name': 'Friday', 'data': [0, 0, 0, 0, 0, 0, 57, 70, 70, 73, 87, 99, 97, 75, 53, 36, 21, 11, 9, 8, 10, 0, 0, 0]}, {'name': 'Saturday', 'data': [0, 0, 0, 0, 0, 0, 46, 60, 55, 43, 44, 52, 55, 55, 43, 33, 25, 16, 13, 12, 11, 0, 0, 0]}, {'name': 'Sunday', 'data': [0, 0, 0, 0, 0, 0, 0, 2, 6, 10, 14, 16, 17, 20, 22, 22, 17, 12, 6, 5, 2, 2, 2, 0]}]"
The Point at the Bluffs,"301 N Mt Holyoke Ave, Pacific Palisades, CA 90272, USA","['Monday: 6:00\u202fAM\u2009–\u20099:00\u202fPM', 'Tuesday: 6:00\u202fAM\u2009–\u20099:00\u202fPM', 'Wednesday: 6:00\u202fAM\u2009–\u20099:00\u202fPM', 'Thursday: 6:00\u202fAM\u2009–\u20099:00\u202fPM', 'Friday: 6:00\u202fAM\u2009–\u20099:00\u202fPM', 'Saturday: 6:00\u202fAM\u2009–\u20099:00\u202fPM', 'Sunday: 6:30\u202fAM\u2009–\u200910:00\u202fPM']","[{'name': 'Monday', 'data': [0, 0, 0, 0, 0, 0, 9, 25, 41, 55, 67, 62, 46, 37, 34, 44, 60, 53, 30, 11, 4, 0, 0, 0]}, {'name': 'Tuesday', 'data': [0, 0, 0, 0, 0, 0, 11, 27, 39, 51, 62, 60, 39, 30, 18, 23, 37, 34, 25, 37, 27, 0, 0, 0]}, {'name': 'Wednesday', 'data': [0, 0, 0, 0, 0, 0, 2, 9, 11, 27, 44, 60, 58, 51, 30, 27, 32, 20, 13, 2, 0, 0, 0, 0]}, {'name': 'Thursday', 'data': [0, 0, 0, 0, 0, 0, 9, 11, 25, 37, 51, 65, 60, 48, 46, 41, 41, 27, 11, 4, 4, 0, 0, 0]}, {'name': 'Friday', 'data': [0, 0, 0, 0, 0, 0, 6, 9, 18, 27, 53, 62, 51, 39, 39, 46, 51, 46, 27, 18, 11, 0, 0, 0]}, {'name': 'Saturday', 'data': [0, 0, 0, 0, 0, 0, 9, 18, 39, 51, 51, 62, 65, 76, 83, 86, 79, 65, 44, 23, 11, 0, 0, 0]}, {'name': 'Sunday', 'data': [0, 0, 0, 0, 0, 0, 6, 4, 16, 18, 37, 32, 39, 39, 62, 88, 100, 81, 55, 32, 13, 13, 0, 0]}]"
Pacific Palisades Beach,"16931 Pacific Coast Hwy, Pacific Palisades, CA 90272, USA",Not available,"[{'name': 'Monday', 'data': [31, 21, 13, 9, 4, 6, 7, 10, 14, 19, 23, 29, 32, 32, 30, 35, 35, 40, 35, 45, 43, 58, 60, 62]}, {'name': 'Tuesday', 'data': [43, 29, 14, 8, 23, 20, 21, 19, 21, 26, 29, 40, 46, 52, 52, 48, 41, 30, 28, 31, 42, 51, 60, 60]}, {'name': 'Wednesday', 'data': [52, 41, 32, 29, 12, 19, 25, 24, 21, 24, 32, 45, 51, 51, 53, 48, 51, 47, 47, 50, 45, 56, 56, 62]}, {'name': 'Thursday', 'data': [43, 34, 18, 14, 7, 6, 12, 17, 17, 24, 34, 46, 52, 56, 48, 46, 47, 42, 37, 43, 54, 60, 59, 48]}, {'name': 'Friday', 'data': [32, 15, 12, 7, 13, 9, 13, 13, 17, 20, 31, 43, 41, 42, 26, 29, 34, 48, 53, 53, 54, 65, 74, 70]}, {'name': 'Saturday', 'data': [51, 32, 26, 18, 13, 15, 15, 15, 18, 25, 31, 40, 47, 48, 53, 62, 63, 64, 58, 63, 69, 78, 86, 100]}, {'name': 'Sunday', 'data': [76, 56, 32, 23, 18, 31, 45, 45, 39, 35, 32, 39, 48, 53, 62, 64, 75, 70, 60, 53, 48, 51, 47, 46]}]"
SRF Lake Shrine (Reservation required),"17190 Sunset Blvd, Pacific Palisades, CA 90272, USA","['Monday: Closed', 'Tuesday: Closed', 'Wednesday: 10:00\u202fAM\u2009–\u20094:30\u202fPM', 'Thursday: 10:00\u202fAM\u2009–\u20094:30\u202fPM', 'Friday: 10:00\u202fAM\u2009–\u20094:30\u202fPM', 'Saturday: 10:00\u202fAM\u2009–\u20094:30\u202fPM', 'Sunday: 1:00\u2009–\u20094:30\u202fPM']",Not available
Spruzzo Restaurant & Bar,"29575 CA-1, Malibu, CA 90265, USA","['Monday: 11:00\u202fAM\u2009–\u20099:00\u202fPM', 'Tuesday: 11:00\u202fAM\u2009–\u20099:00\u202fPM', 'Wednesday: 11:00\u202fAM\u2009–\u20099:00\u202fPM', 'Thursday: 11:00\u202fAM\u2009–\u20099:00\u202fPM', 'Friday: 11:00\u202fAM\u2009–\u20099:30\u202fPM', 'Saturday: 11:00\u202fAM\u2009–\u20099:30\u202fPM', 'Sunday: 11:00\u202fAM\u2009–\u20099:30\u202fPM']","[{'name': 'Monday', 'data': [0, 0, 0, 0, 0, 0, 0, 0, 0, 0, 0, 51, 62, 68, 63, 67, 61, 64, 64, 61, 40, 0, 0, 0]}, {'name': 'Tuesday', 'data': [0, 0, 0, 0, 0, 0, 0, 0, 0, 0, 0, 76, 85, 88, 72, 58, 45, 40, 45, 44, 37, 0, 0, 0]}, {'name': 'Wednesday', 'data': [0, 0, 0, 0, 0, 0, 0, 0, 0, 0, 0, 64, 79, 92, 77, 83, 61, 62, 58, 46, 37, 0, 0, 0]}, {'name': 'Thursday', 'data': [0, 0, 0, 0, 0, 0, 0, 0, 0, 0, 0, 45, 46, 58, 62, 75, 67, 70, 76, 72, 48, 0, 0, 0]}, {'name': 'Friday', 'data': [0, 0, 0, 0, 0, 0, 0, 0, 0, 0, 0, 64, 85, 92, 75, 66, 66, 72, 72, 71, 57, 33, 0, 0]}, {'name': 'Saturday', 'data': [0, 0, 0, 0, 0, 0, 0, 0, 0, 0, 0, 25, 46, 75, 83, 93, 92, 100, 98, 84, 54, 32, 0, 0]}, {'name': 'Sunday', 'data': [0, 0, 0, 0, 0, 0, 0, 0, 0, 0, 0, 46, 70, 74, 80, 76, 74, 54, 55, 45, 41, 38, 0, 0]}]"
Pacific Palisades,"Pacific Palisades, Los Angeles, CA, USA",Not available,Not available
The Eagle Rock Canyon Trail - trail head,"5499 Eagle Rock View Dr, Los Angeles, CA 90041, USA",Not available,"[{'name': 'Monday', 'data': [4, 5, 2, 1, 10, 25, 32, 31, 31, 24, 42, 61, 87, 82, 60, 34, 21, 27, 20, 17, 5, 2, 0, 4]}, {'name': 'Tuesday', 'data': [8, 17, 8, 7, 0, 1, 5, 18, 32, 48, 62, 70, 67, 58, 35, 25, 8, 4, 0, 0, 0, 0, 1, 1]}, {'name': 'Wednesday', 'data': [0, 0, 0, 0, 2, 1, 1, 8, 15, 37, 54, 71, 67, 44, 28, 17, 20, 27, 21, 31, 22, 22, 8, 7]}, {'name': 'Thursday', 'data': [5, 5, 4, 7, 25, 15, 15, 14, 28, 45, 58, 62, 82, 78, 68, 51, 41, 17, 5, 1, 2, 7, 5, 7]}, {'name': 'Friday', 'data': [2, 1, 7, 14, 8, 10, 17, 11, 10, 24, 54, 88, 100, 65, 50, 51, 42, 42, 32, 14, 5, 0, 0, 0]}, {'name': 'Saturday', 'data': [0, 0, 0, 2, 7, 11, 24, 40, 51, 45, 55, 68, 72, 60, 54, 42, 25, 12, 10, 4, 1, 0, 0, 0]}, {'name': 'Sunday', 'data': [2, 5, 12, 11, 2, 4, 8, 4, 2, 7, 15, 18, 18, 18, 31, 35, 30, 21, 21, 17, 8, 2, 1, 4]}]"
The Cafe,"5555 Melrose Ave, Los Angeles, CA 90038, USA","['Monday: 7:00\u202fAM\u2009–\u20093:00\u202fPM', 'Tuesday: 7:30\u202fAM\u2009–\u20093:00\u202fPM', 'Wednesday: 7:00\u202fAM\u2009–\u20093:00\u202fPM', 'Thursday: 7:00\u202fAM\u2009–\u20093:00\u202fPM', 'Friday: 7:00\u202fAM\u2009–\u20093:00\u202fPM', 'Saturday: Closed', 'Sunday: Closed']",Not available
Will Rogers State Beach,"17000 CA-1, Pacific Palisades, CA 90272, USA",Not available,"[{'name': 'Monday', 'data': [2, 0, 0, 0, 4, 7, 11, 17, 21, 20, 24, 29, 33, 37, 42, 42, 42, 33, 23, 15, 11, 8, 7, 6]}, {'name': 'Tuesday', 'data': [5, 2, 1, 3, 2, 5, 10, 16, 21, 21, 21, 24, 32, 38, 44, 44, 42, 34, 24, 14, 9, 5, 2, 2]}, {'name': 'Wednesday', 'data': [2, 2, 1, 2, 7, 11, 16, 19, 19, 17, 23, 30, 44, 58, 71, 79, 75, 60, 38, 20, 12, 7, 4, 3]}, {'name': 'Thursday', 'data': [1, 1, 2, 4, 3, 5, 8, 12, 19, 23, 30, 39, 49, 55, 58, 58, 51, 41, 29, 15, 7, 5, 9, 9]}, {'name': 'Friday', 'data': [5, 3, 2, 1, 2, 5, 10, 14, 22, 27, 37, 45, 50, 52, 52, 55, 50, 41, 28, 17, 11, 7, 4, 4]}, {'name': 'Saturday', 'data': [6, 4, 3, 2, 4, 11, 21, 30, 33, 42, 55, 69, 85, 96, 95, 92, 83, 70, 51, 30, 16, 10, 7, 4]}, {'name': 'Sunday', 'data': [3, 0, 0, 0, 1, 3, 7, 17, 24, 35, 47, 62, 77, 86, 96, 100, 96, 77, 52, 32, 16, 9, 4, 2]}]"
Juicy Ladies,"17361 Sunset Blvd, Pacific Palisades, CA 90272, USA","['Monday: 8:00\u202fAM\u2009–\u20095:00\u202fPM', 'Tuesday: 8:00\u202fAM\u2009–\u20095:00\u202fPM', 'Wednesday: 8:00\u202fAM\u2009–\u20095:00\u202fPM', 'Thursday: 8:00\u202fAM\u2009–\u20095:00\u202fPM', 'Friday: 8:00\u202fAM\u2009–\u20095:00\u202fPM', 'Saturday: 8:00\u202fAM\u2009–\u20095:00\u202fPM', 'Sunday: 8:00\u202fAM\u2009–\u20095:00\u202fPM']","[{'name': 'Monday', 'data': [0, 0, 0, 0, 0, 0, 0, 0, 29, 12, 12, 25, 58, 75, 75, 50, 33, 0, 0, 0, 0, 0, 0, 0]}, {'name': 'Tuesday', 'data': [0, 0, 0, 0, 0, 0, 0, 0, 33, 58, 54, 50, 54, 37, 25, 4, 0, 0, 0, 0, 0, 0, 0, 0]}, {'name': 'Wednesday', 'data': [0, 0, 0, 0, 0, 0, 0, 0, 12, 20, 29, 50, 58, 54, 54, 45, 33, 0, 0, 0, 0, 0, 0, 0]}, {'name': 'Thursday', 'data': [0, 0, 0, 0, 0, 0, 0, 0, 29, 16, 12, 20, 20, 29, 20, 16, 4, 0, 0, 0, 0, 0, 0, 0]}, {'name': 'Friday', 'data': [0, 0, 0, 0, 0, 0, 0, 0, 41, 50, 58, 87, 83, 87, 58, 50, 20, 0, 0, 0, 0, 0, 0, 0]}, {'name': 'Saturday', 'data': [0, 0, 0, 0, 0, 0, 0, 0, 50, 54, 54, 54, 45, 50, 62, 66, 70, 0, 0, 0, 0, 0, 0, 0]}, {'name': 'Sunday', 'data': [0, 0, 0, 0, 0, 0, 0, 0, 8, 29, 62, 83, 95, 87, 100, 91, 91, 0, 0, 0, 0, 0, 0, 0]}]"
Golden Bull Restaurant,"170 W Channel Rd, Santa Monica, CA 90402, USA","['Monday: 4:00\u202fPM\u2009–\u200912:00\u202fAM', 'Tuesday: 4:00\u202fPM\u2009–\u200912:00\u202fAM', 'Wednesday: 4:00\u202fPM\u2009–\u200912:00\u202fAM', 'Thursday: 4:00\u202fPM\u2009–\u20092:00\u202fAM', 'Friday: 4:00\u202fPM\u2009–\u20092:00\u202fAM', 'Saturday: 3:00\u202fPM\u2009–\u20092:00\u202fAM', 'Sunday: 3:00\u202fPM\u2009–\u200912:00\u202fAM']","[{'name': 'Monday', 'data': [0, 0, 0, 0, 0, 0, 0, 0, 0, 0, 0, 0, 0, 0, 0, 0, 38, 38, 52, 47, 43, 34, 25, 15]}, {'name': 'Tuesday', 'data': [0, 0, 0, 0, 0, 0, 0, 0, 0, 0, 0, 0, 0, 0, 0, 0, 36, 47, 63, 81, 79, 65, 31, 11]}, {'name': 'Wednesday', 'data': [0, 0, 0, 0, 0, 0, 0, 0, 0, 0, 0, 0, 0, 0, 0, 0, 59, 72, 59, 54, 36, 27, 15, 11]}, {'name': 'Thursday', 'data': [0, 0, 0, 0, 0, 0, 0, 0, 0, 0, 0, 0, 0, 0, 0, 0, 50, 59, 61, 56, 54, 56, 61, 68]}, {'name': 'Friday', 'data': [47, 27, 0, 0, 0, 0, 0, 0, 0, 0, 0, 0, 0, 0, 0, 0, 56, 75, 84, 95, 86, 70, 59, 61]}, {'name': 'Saturday', 'data': [56, 40, 0, 0, 0, 0, 0, 0, 0, 0, 0, 0, 0, 0, 0, 25, 47, 90, 97, 95, 86, 86, 100, 100]}, {'name': 'Sunday', 'data': [79, 50, 0, 0, 0, 0, 0, 0, 0, 0, 0, 0, 0, 0, 0, 36, 47, 45, 54, 47, 52, 59, 59, 50]}]"
Fiesta Feast,"17336 Sunset Blvd, Pacific Palisades, CA 90272, USA","['Monday: 8:00\u202fAM\u2009–\u20097:30\u202fPM', 'Tuesday: 8:00\u202fAM\u2009–\u20097:30\u202fPM', 'Wednesday: 8:00\u202fAM\u2009–\u20097:30\u202fPM', 'Thursday: 8:00\u202fAM\u2009–\u20097:30\u202fPM', 'Friday: 8:00\u202fAM\u2009–\u20097:30\u202fPM', 'Saturday: 8:00\u202fAM\u2009–\u20097:30\u202fPM', 'Sunday: 8:00\u202fAM\u2009–\u20096:00\u202fPM']","[{'name': 'Monday', 'data': [0, 0, 0, 0, 0, 0, 0, 0, 88, 100, 88, 36, 16, 8, 4, 8, 20, 36, 20, 12, 0, 0, 0, 0]}, {'name': 'Tuesday', 'data': [0, 0, 0, 0, 0, 0, 0, 0, 32, 52, 48, 28, 8, 0, 0, 0, 0, 0, 4, 12, 0, 0, 0, 0]}, {'name': 'Wednesday', 'data': [0, 0, 0, 0, 0, 0, 0, 0, 44, 32, 44, 28, 32, 16, 4, 0, 4, 8, 16, 12, 0, 0, 0, 0]}, {'name': 'Thursday', 'data': [0, 0, 0, 0, 0, 0, 0, 0, 36, 52, 52, 40, 32, 28, 20, 16, 28, 28, 16, 20, 0, 0, 0, 0]}, {'name': 'Friday', 'data': [0, 0, 0, 0, 0, 0, 0, 0, 20, 20, 4, 0, 0, 4, 8, 8, 4, 16, 32, 40, 0, 0, 0, 0]}, {'name': 'Saturday', 'data': [0, 0, 0, 0, 0, 0, 0, 0, 28, 28, 48, 40, 20, 8, 8, 16, 8, 8, 8, 8, 0, 0, 0, 0]}, {'name': 'Sunday', 'data': [0, 0, 0, 0, 0, 0, 0, 0, 0, 0, 4, 8, 16, 8, 8, 12, 16, 12, 0, 0, 0, 0, 0, 0]}]"
Rocco's Cucina,"17332 Sunset Blvd, Pacific Palisades, CA 90272, USA","['Monday: 10:00\u202fAM\u2009–\u20097:45\u202fPM', 'Tuesday: 10:00\u202fAM\u2009–\u20097:45\u202fPM', 'Wednesday: 10:00\u202fAM\u2009–\u20097:45\u202fPM', 'Thursday: 10:00\u202fAM\u2009–\u20097:45\u202fPM', 'Friday: 10:00\u202fAM\u2009–\u20097:45\u202fPM', 'Saturday: 11:00\u202fAM\u2009–\u20097:45\u202fPM', 'Sunday: Closed']","[{'name': 'Monday', 'data': [0, 0, 0, 0, 0, 0, 0, 0, 0, 0, 64, 100, 78, 64, 50, 28, 21, 21, 42, 50, 0, 0, 0, 0]}, {'name': 'Tuesday', 'data': [0, 0, 0, 0, 0, 0, 0, 0, 0, 0, 57, 57, 35, 35, 42, 35, 64, 57, 28, 7, 0, 0, 0, 0]}, {'name': 'Wednesday', 'data': [0, 0, 0, 0, 0, 0, 0, 0, 0, 0, 14, 42, 28, 14, 7, 21, 28, 7, 7, 28, 0, 0, 0, 0]}, {'name': 'Thursday', 'data': [0, 0, 0, 0, 0, 0, 0, 0, 0, 0, 71, 78, 64, 57, 42, 21, 21, 28, 21, 14, 0, 0, 0, 0]}, {'name': 'Friday', 'data': [0, 0, 0, 0, 0, 0, 0, 0, 0, 0, 14, 57, 92, 100, 50, 35, 50, 50, 21, 7, 0, 0, 0, 0]}, {'name': 'Saturday', 'data': [0, 0, 0, 0, 0, 0, 0, 0, 0, 0, 0, 35, 78, 50, 64, 92, 92, 64, 42, 28, 0, 0, 0, 0]}, {'name': 'Sunday', 'data': [0, 0, 0, 0, 0, 0, 0, 0, 0, 0, 0, 0, 0, 0, 0, 0, 0, 0, 0, 0, 0, 0, 0, 0]}]"
Palisades Park,"Ocean Ave, Santa Monica, CA 90401, USA","['Monday: 5:30\u202fAM\u2009–\u200911:00\u202fPM', 'Tuesday: 5:30\u202fAM\u2009–\u200911:00\u202fPM', 'Wednesday: 5:30\u202fAM\u2009–\u200911:00\u202fPM', 'Thursday: 5:30\u202fAM\u2009–\u200911:00\u202fPM', 'Friday: 5:30\u202fAM\u2009–\u200911:00\u202fPM', 'Saturday: 5:30\u202fAM\u2009–\u200911:00\u202fPM', 'Sunday: 6:00\u202fAM\u2009–\u200911:30\u202fPM']",Not available
Annenberg Community Beach House,"415 Pacific Coast Hwy, Santa Monica, CA 90402, USA","['Monday: 12:00\u2009–\u20096:00\u202fPM', 'Tuesday: 12:00\u2009–\u20096:00\u202fPM', 'Wednesday: 12:00\u2009–\u20096:00\u202fPM', 'Thursday: 12:00\u2009–\u20096:00\u202fPM', 'Friday: 10:00\u202fAM\u2009–\u20096:00\u202fPM', 'Saturday: 10:00\u202fAM\u2009–\u20096:00\u202fPM', 'Sunday: 10:00\u202fAM\u2009–\u20096:00\u202fPM']","[{'name': 'Monday', 'data': [0, 0, 0, 0, 0, 0, 0, 0, 0, 0, 0, 0, 42, 53, 54, 41, 23, 13, 0, 0, 0, 0, 0, 0]}, {'name': 'Tuesday', 'data': [0, 0, 0, 0, 0, 0, 0, 0, 0, 0, 0, 0, 33, 31, 32, 30, 23, 17, 0, 0, 0, 0, 0, 0]}, {'name': 'Wednesday', 'data': [0, 0, 0, 0, 0, 0, 0, 0, 0, 0, 0, 0, 59, 61, 53, 43, 32, 23, 0, 0, 0, 0, 0, 0]}, {'name': 'Thursday', 'data': [0, 0, 0, 0, 0, 0, 0, 0, 0, 0, 0, 0, 57, 55, 49, 40, 35, 26, 0, 0, 0, 0, 0, 0]}, {'name': 'Friday', 'data': [0, 0, 0, 0, 0, 0, 0, 0, 0, 0, 54, 68, 73, 73, 60, 43, 28, 21, 0, 0, 0, 0, 0, 0]}, {'name': 'Saturday', 'data': [0, 0, 0, 0, 0, 0, 0, 0, 0, 0, 66, 81, 85, 78, 70, 55, 43, 26, 0, 0, 0, 0, 0, 0]}, {'name': 'Sunday', 'data': [0, 0, 0, 0, 0, 0, 0, 0, 0, 0, 86, 100, 97, 90, 84, 76, 55, 33, 0, 0, 0, 0, 0, 0]}]"
Back on the Beach Cafe,"445 CA-1, Santa Monica, CA 90402, USA","['Monday: 9:00\u202fAM\u2009–\u20093:00\u202fPM', 'Tuesday: 9:00\u202fAM\u2009–\u20093:00\u202fPM', 'Wednesday: 9:00\u202fAM\u2009–\u20093:00\u202fPM', 'Thursday: 9:00\u202fAM\u2009–\u20093:00\u202fPM', 'Friday: 9:00\u202fAM\u2009–\u20093:00\u202fPM', 'Saturday: 8:00\u202fAM\u2009–\u20094:00\u202fPM', 'Sunday: 8:00\u202fAM\u2009–\u20094:00\u202fPM']","[{'name': 'Monday', 'data': [0, 0, 0, 0, 0, 0, 0, 0, 0, 27, 43, 55, 68, 74, 63, 0, 0, 0, 0, 0, 0, 0, 0, 0]}, {'name': 'Tuesday', 'data': [0, 0, 0, 0, 0, 0, 0, 0, 0, 28, 40, 39, 38, 25, 19, 0, 0, 0, 0, 0, 0, 0, 0, 0]}, {'name': 'Wednesday', 'data': [0, 0, 0, 0, 0, 0, 0, 0, 0, 29, 40, 43, 48, 51, 46, 0, 0, 0, 0, 0, 0, 0, 0, 0]}, {'name': 'Thursday', 'data': [0, 0, 0, 0, 0, 0, 0, 0, 0, 33, 48, 74, 78, 74, 53, 0, 0, 0, 0, 0, 0, 0, 0, 0]}, {'name': 'Friday', 'data': [0, 0, 0, 0, 0, 0, 0, 0, 0, 37, 48, 60, 68, 65, 55, 0, 0, 0, 0, 0, 0, 0, 0, 0]}, {'name': 'Saturday', 'data': [0, 0, 0, 0, 0, 0, 0, 0, 31, 53, 70, 77, 78, 81, 75, 66, 0, 0, 0, 0, 0, 0, 0, 0]}, {'name': 'Sunday', 'data': [0, 0, 0, 0, 0, 0, 0, 0, 37, 63, 83, 95, 100, 89, 88, 71, 0, 0, 0, 0, 0, 0, 0, 0]}]"
Huntington Palisades,"441 Ocampo Dr, Pacific Palisades, CA 90272, USA",Not available,Not available
Santa Monica Pier,"200 Santa Monica Pier, Santa Monica, CA 90401, USA",Not available,"[{'name': 'Monday', 'data': [4, 2, 1, 1, 1, 1, 2, 3, 6, 11, 21, 33, 45, 54, 58, 60, 59, 55, 48, 39, 28, 19, 11, 6]}, {'name': 'Tuesday', 'data': [3, 1, 1, 1, 1, 1, 1, 2, 5, 10, 17, 27, 36, 43, 47, 48, 47, 43, 38, 31, 24, 18, 13, 9]}, {'name': 'Wednesday', 'data': [5, 3, 1, 1, 1, 1, 2, 3, 5, 9, 17, 29, 41, 51, 57, 60, 61, 59, 53, 44, 34, 24, 15, 8]}, {'name': 'Thursday', 'data': [4, 2, 1, 1, 1, 1, 2, 3, 5, 11, 20, 32, 43, 51, 55, 55, 55, 53, 50, 46, 38, 28, 19, 10]}, {'name': 'Friday', 'data': [5, 2, 1, 1, 1, 1, 2, 3, 7, 13, 23, 35, 46, 56, 60, 62, 63, 63, 62, 58, 51, 41, 28, 15]}, {'name': 'Saturday', 'data': [7, 2, 1, 1, 1, 1, 2, 5, 9, 18, 30, 46, 62, 76, 87, 94, 97, 95, 89, 81, 69, 55, 38, 21]}, {'name': 'Sunday', 'data': [9, 4, 1, 1, 1, 1, 2, 5, 9, 18, 30, 45, 62, 78, 90, 97, 100, 96, 87, 72, 52, 33, 18, 9]}]"
Giorgio Baldi,"114 W Channel Rd, Santa Monica, CA 90402, USA","['Monday: Closed', 'Tuesday: 6:00\u2009–\u200910:00\u202fPM', 'Wednesday: 6:00\u2009–\u200910:00\u202fPM', 'Thursday: 6:00\u2009–\u200910:00\u202fPM', 'Friday: 6:00\u2009–\u200910:00\u202fPM', 'Saturday: 6:00\u2009–\u200910:00\u202fPM', 'Sunday: 6:00\u2009–\u200910:00\u202fPM']",Not available
Venice Canal Historic District,"Venice, CA 90292, USA",Not available,Not available
Eames Foundation,"203 Chautauqua Blvd, Pacific Palisades, CA 90272, USA","['Monday: 12:30\u2009–\u20092:30\u202fPM', 'Tuesday: Closed', 'Wednesday: Closed', 'Thursday: 12:30\u2009–\u20094:00\u202fPM', 'Friday: 10:30\u202fAM\u2009–\u20094:00\u202fPM', 'Saturday: 10:30\u202fAM\u2009–\u20094:00\u202fPM', 'Sunday: Closed']",Not available
Rustic Canyon,"1119 Wilshire Blvd, Santa Monica, CA 90401, USA","['Monday: 5:30\u2009–\u20099:30\u202fPM', 'Tuesday: 5:30\u2009–\u20099:30\u202fPM', 'Wednesday: 5:30\u2009–\u20099:30\u202fPM', 'Thursday: 5:00\u2009–\u20099:30\u202fPM', 'Friday: 5:00\u2009–\u200910:00\u202fPM', 'Saturday: 5:00\u2009–\u200910:00\u202fPM', 'Sunday: 5:00\u2009–\u20099:30\u202fPM']","[{'name': 'Monday', 'data': [0, 0, 0, 0, 0, 0, 0, 0, 0, 0, 0, 0, 0, 0, 0, 0, 0, 68, 96, 100, 75, 37, 0, 0]}, {'name': 'Tuesday', 'data': [0, 0, 0, 0, 0, 0, 0, 0, 0, 0, 0, 0, 0, 0, 0, 0, 0, 6, 20, 44, 51, 68, 0, 0]}, {'name': 'Wednesday', 'data': [0, 0, 0, 0, 0, 0, 0, 0, 0, 0, 0, 0, 0, 0, 0, 0, 0, 41, 62, 65, 55, 31, 0, 0]}, {'name': 'Thursday', 'data': [0, 0, 0, 0, 0, 0, 0, 0, 0, 0, 0, 0, 0, 0, 0, 0, 0, 48, 41, 31, 20, 20, 0, 0]}, {'name': 'Friday', 'data': [0, 0, 0, 0, 0, 0, 0, 0, 0, 0, 0, 0, 0, 0, 0, 0, 0, 34, 68, 89, 89, 75, 0, 0]}, {'name': 'Saturday', 'data': [0, 0, 0, 0, 0, 0, 0, 0, 0, 0, 0, 0, 0, 0, 0, 0, 0, 65, 89, 82, 72, 44, 0, 0]}, {'name': 'Sunday', 'data': [0, 0, 0, 0, 0, 0, 0, 0, 0, 0, 0, 0, 0, 0, 0, 0, 0, 31, 37, 51, 41, 27, 0, 0]}]"
MUSE Santa Monica,"108 W Channel Rd, Santa Monica, CA 90402, USA","['Monday: Closed', 'Tuesday: Closed', 'Wednesday: 5:00\u2009–\u200910:00\u202fPM', 'Thursday: 5:00\u2009–\u200910:00\u202fPM', 'Friday: 5:00\u2009–\u200910:00\u202fPM', 'Saturday: 5:00\u2009–\u200910:00\u202fPM', 'Sunday: 5:00\u2009–\u200910:00\u202fPM']",Not available
Original Muscle Beach Santa Monica,"Ocean Front Walk, Santa Monica, CA 90401, USA","['Monday: Open 24 hours', 'Tuesday: Open 24 hours', 'Wednesday: Open 24 hours', 'Thursday: Open 24 hours', 'Friday: Open 24 hours', 'Saturday: Open 24 hours', 'Sunday: Open 24 hours']","[{'name': 'Monday', 'data': [3, 1, 1, 1, 0, 0, 0, 3, 7, 14, 21, 24, 23, 25, 28, 31, 34, 33, 29, 25, 17, 12, 9, 8]}, {'name': 'Tuesday', 'data': [5, 3, 1, 0, 0, 1, 3, 3, 5, 12, 16, 20, 20, 17, 18, 23, 29, 27, 18, 12, 8, 9, 6, 4]}, {'name': 'Wednesday', 'data': [2, 1, 1, 0, 3, 2, 2, 4, 7, 12, 16, 22, 22, 30, 38, 49, 53, 48, 34, 23, 15, 10, 8, 9]}, {'name': 'Thursday', 'data': [5, 6, 5, 3, 3, 2, 1, 3, 6, 11, 17, 20, 23, 24, 28, 31, 31, 26, 21, 16, 13, 9, 7, 7]}, {'name': 'Friday', 'data': [3, 3, 5, 5, 3, 1, 1, 3, 4, 11, 17, 23, 21, 24, 28, 34, 38, 37, 32, 27, 21, 17, 10, 4]}, {'name': 'Saturday', 'data': [2, 2, 3, 4, 4, 2, 2, 3, 8, 15, 22, 27, 30, 36, 46, 57, 58, 50, 36, 25, 20, 19, 15, 15]}, {'name': 'Sunday', 'data': [11, 10, 8, 7, 4, 7, 8, 11, 15, 24, 32, 38, 43, 55, 75, 94, 100, 84, 55, 31, 16, 6, 3, 2]}]"
Santa Monica Pier Arch,"81-99 Colorado Ave, Santa Monica, CA 90401, USA","['Monday: Open 24 hours', 'Tuesday: Open 24 hours', 'Wednesday: Open 24 hours', 'Thursday: Open 24 hours', 'Friday: Open 24 hours', 'Saturday: Open 24 hours', 'Sunday: Open 24 hours']","[{'name': 'Monday', 'data': [2, 0, 5, 10, 2, 5, 13, 26, 21, 21, 18, 26, 42, 42, 31, 36, 18, 18, 15, 36, 42, 55, 23, 15]}, {'name': 'Tuesday', 'data': [15, 34, 28, 13, 36, 44, 23, 21, 26, 44, 42, 34, 26, 47, 52, 57, 50, 47, 47, 36, 26, 7, 2, 2]}, {'name': 'Wednesday', 'data': [5, 13, 10, 21, 28, 15, 7, 0, 0, 0, 2, 18, 42, 57, 39, 39, 57, 47, 31, 21, 31, 26, 28, 18]}, {'name': 'Thursday', 'data': [21, 28, 26, 23, 5, 7, 13, 13, 13, 21, 52, 52, 71, 42, 39, 50, 50, 55, 23, 15, 21, 18, 26, 13]}, {'name': 'Friday', 'data': [10, 10, 5, 5, 57, 50, 26, 23, 15, 31, 28, 36, 28, 44, 60, 57, 47, 52, 57, 47, 31, 23, 18, 7]}, {'name': 'Saturday', 'data': [2, 5, 21, 47, 42, 18, 10, 7, 15, 13, 15, 31, 28, 31, 28, 44, 84, 94, 100, 86, 73, 52, 52, 42]}, {'name': 'Sunday', 'data': [65, 39, 39, 31, 15, 15, 31, 47, 55, 55, 26, 23, 42, 60, 73, 63, 68, 84, 65, 42, 23, 7, 5, 5]}]"
Santa Ynez Canyon Trailhead - Topanga State Park,"Santa Ynez Canyon Trail, Pacific Palisades, CA 90272, USA","['Monday: 8:00\u202fAM\u2009–\u20098:00\u202fPM', 'Tuesday: 8:00\u202fAM\u2009–\u20098:00\u202fPM', 'Wednesday: 8:00\u202fAM\u2009–\u20098:00\u202fPM', 'Thursday: 8:00\u202fAM\u2009–\u20098:00\u202fPM', 'Friday: 8:00\u202fAM\u2009–\u20098:00\u202fPM', 'Saturday: 8:00\u202fAM\u2009–\u20098:00\u202fPM', 'Sunday: 8:00\u202fAM\u2009–\u20098:00\u202fPM']","[{'name': 'Monday', 'data': [0, 0, 0, 0, 0, 0, 0, 0, 63, 60, 70, 83, 76, 70, 56, 33, 26, 16, 16, 16, 0, 0, 0, 0]}, {'name': 'Tuesday', 'data': [0, 0, 0, 0, 0, 0, 0, 0, 10, 6, 23, 33, 53, 56, 50, 33, 13, 6, 10, 3, 0, 0, 0, 0]}, {'name': 'Wednesday', 'data': [0, 0, 0, 0, 0, 0, 0, 0, 53, 40, 40, 36, 53, 46, 40, 23, 16, 10, 16, 16, 0, 0, 0, 0]}, {'name': 'Thursday', 'data': [0, 0, 0, 0, 0, 0, 0, 0, 43, 70, 66, 66, 63, 56, 56, 53, 46, 40, 30, 10, 0, 0, 0, 0]}, {'name': 'Friday', 'data': [0, 0, 0, 0, 0, 0, 0, 0, 63, 73, 56, 53, 50, 43, 30, 30, 30, 16, 10, 10, 0, 0, 0, 0]}, {'name': 'Saturday', 'data': [0, 0, 0, 0, 0, 0, 0, 0, 76, 96, 100, 96, 73, 56, 60, 46, 53, 36, 36, 30, 0, 0, 0, 0]}, {'name': 'Sunday', 'data': [0, 0, 0, 0, 0, 0, 0, 0, 70, 90, 80, 60, 53, 66, 60, 46, 30, 16, 20, 16, 0, 0, 0, 0]}]"
Venice Boardwalk,"Beach pavillion in, Los Angeles, CA 90291, USA",Not available,Not available
Tongva Park,"1615 Ocean Ave, Santa Monica, CA 90401, USA","['Monday: 6:00\u202fAM\u2009–\u200911:00\u202fPM', 'Tuesday: 6:00\u202fAM\u2009–\u200911:00\u202fPM', 'Wednesday: 6:00\u202fAM\u2009–\u200911:00\u202fPM', 'Thursday: 6:00\u202fAM\u2009–\u200911:00\u202fPM', 'Friday: 6:00\u202fAM\u2009–\u200911:00\u202fPM', 'Saturday: 6:00\u202fAM\u2009–\u200911:00\u202fPM', 'Sunday: 6:00\u202fAM\u2009–\u200911:00\u202fPM']","[{'name': 'Monday', 'data': [0, 0, 0, 0, 0, 0, 25, 27, 23, 23, 22, 28, 39, 53, 55, 64, 50, 39, 19, 18, 21, 30, 39, 0]}, {'name': 'Tuesday', 'data': [0, 0, 0, 0, 0, 0, 21, 21, 35, 31, 39, 44, 40, 30, 22, 31, 23, 23, 26, 39, 47, 40, 23, 0]}, {'name': 'Wednesday', 'data': [0, 0, 0, 0, 0, 0, 10, 15, 10, 11, 13, 18, 14, 23, 35, 56, 67, 71, 64, 55, 50, 44, 35, 0]}, {'name': 'Thursday', 'data': [0, 0, 0, 0, 0, 0, 21, 43, 31, 31, 18, 18, 18, 21, 32, 35, 31, 35, 22, 27, 23, 27, 15, 0]}, {'name': 'Friday', 'data': [0, 0, 0, 0, 0, 0, 3, 6, 13, 25, 21, 23, 36, 42, 38, 32, 31, 21, 26, 34, 43, 32, 22, 0]}, {'name': 'Saturday', 'data': [0, 0, 0, 0, 0, 0, 0, 6, 17, 32, 30, 31, 42, 52, 57, 57, 80, 97, 100, 81, 51, 27, 18, 0]}, {'name': 'Sunday', 'data': [0, 0, 0, 0, 0, 0, 31, 30, 32, 40, 28, 26, 35, 59, 65, 64, 67, 76, 86, 81, 53, 32, 28, 0]}]"
Élephante,"1332 2nd St Rooftop, Santa Monica, CA 90401, USA","['Monday: 10:00\u202fAM\u2009–\u200912:00\u202fAM', 'Tuesday: 10:00\u202fAM\u2009–\u200912:00\u202fAM', 'Wednesday: 10:00\u202fAM\u2009–\u200912:00\u202fAM', 'Thursday: 10:00\u202fAM\u2009–\u200912:00\u202fAM', 'Friday: 9:00\u202fAM\u2009–\u20091:00\u202fAM', 'Saturday: 9:00\u202fAM\u2009–\u20091:00\u202fAM', 'Sunday: 9:00\u202fAM\u2009–\u200912:00\u202fAM']","[{'name': 'Monday', 'data': [0, 0, 0, 0, 0, 0, 0, 0, 0, 0, 26, 40, 47, 56, 56, 57, 54, 57, 58, 54, 46, 37, 28, 17]}, {'name': 'Tuesday', 'data': [0, 0, 0, 0, 0, 0, 0, 0, 0, 0, 35, 41, 49, 51, 51, 52, 51, 56, 54, 55, 49, 44, 35, 24]}, {'name': 'Wednesday', 'data': [0, 0, 0, 0, 0, 0, 0, 0, 0, 0, 45, 58, 66, 65, 60, 60, 61, 64, 64, 58, 50, 40, 32, 23]}, {'name': 'Thursday', 'data': [0, 0, 0, 0, 0, 0, 0, 0, 0, 0, 31, 44, 48, 51, 52, 58, 62, 66, 64, 60, 52, 44, 36, 25]}, {'name': 'Friday', 'data': [0, 0, 0, 0, 0, 0, 0, 0, 0, 27, 40, 50, 57, 59, 58, 62, 67, 72, 72, 67, 61, 53, 49, 42]}, {'name': 'Saturday', 'data': [28, 0, 0, 0, 0, 0, 0, 0, 0, 31, 48, 61, 75, 87, 95, 98, 99, 98, 96, 90, 80, 71, 61, 49]}, {'name': 'Sunday', 'data': [31, 0, 0, 0, 0, 0, 0, 0, 0, 22, 36, 49, 61, 73, 86, 94, 99, 100, 93, 81, 67, 54, 40, 25]}]"
Delfini Italian Ristorante Bar,"8635 Wilshire Blvd, Beverly Hills, CA 90211, USA",Not available,Not available
Ye Olde King's Head,"116 Santa Monica Blvd, Santa Monica, CA 90401, USA","['Monday: 10:00\u202fAM\u2009–\u200910:00\u202fPM', 'Tuesday: 10:00\u202fAM\u2009–\u200910:00\u202fPM', 'Wednesday: 10:00\u202fAM\u2009–\u200910:00\u202fPM', 'Thursday: 10:00\u202fAM\u2009–\u200910:00\u202fPM', 'Friday: 10:00\u202fAM\u2009–\u200911:00\u202fPM', 'Saturday: 9:00\u202fAM\u2009–\u200911:00\u202fPM', 'Sunday: 9:00\u202fAM\u2009–\u200910:00\u202fPM']","[{'name': 'Monday', 'data': [0, 0, 0, 0, 0, 0, 0, 0, 0, 0, 22, 31, 38, 43, 47, 52, 53, 59, 52, 39, 32, 22, 0, 0]}, {'name': 'Tuesday', 'data': [0, 0, 0, 0, 0, 0, 0, 0, 0, 0, 22, 32, 38, 35, 34, 39, 43, 46, 43, 42, 38, 38, 0, 0]}, {'name': 'Wednesday', 'data': [0, 0, 0, 0, 0, 0, 0, 0, 0, 0, 22, 34, 38, 46, 45, 48, 50, 55, 51, 49, 45, 34, 0, 0]}, {'name': 'Thursday', 'data': [0, 0, 0, 0, 0, 0, 0, 0, 0, 0, 26, 40, 54, 58, 55, 51, 54, 60, 64, 62, 53, 50, 0, 0]}, {'name': 'Friday', 'data': [0, 0, 0, 0, 0, 0, 0, 0, 0, 0, 24, 43, 63, 70, 66, 60, 61, 64, 66, 66, 59, 52, 44, 0]}, {'name': 'Saturday', 'data': [0, 0, 0, 0, 0, 0, 0, 0, 0, 31, 41, 56, 74, 91, 100, 95, 91, 94, 95, 85, 68, 52, 34, 0]}, {'name': 'Sunday', 'data': [0, 0, 0, 0, 0, 0, 0, 0, 0, 14, 24, 38, 54, 62, 65, 67, 73, 75, 74, 64, 56, 46, 0, 0]}]"
Pacific Wheel,"380 Santa Monica Pier, Santa Monica, CA 90401, USA",Not available,Not available
Massilia,"1445 4th St, Santa Monica, CA 90401, USA","['Monday: 4:00\u2009–\u200911:00\u202fPM', 'Tuesday: 4:00\u2009–\u200911:00\u202fPM', 'Wednesday: 4:00\u2009–\u200911:00\u202fPM', 'Thursday: 4:00\u2009–\u200911:00\u202fPM', 'Friday: 4:00\u202fPM\u2009–\u200912:00\u202fAM', 'Saturday: 9:00\u202fAM\u2009–\u200912:00\u202fAM', 'Sunday: 9:00\u202fAM\u2009–\u200911:00\u202fPM']","[{'name': 'Monday', 'data': [0, 0, 0, 0, 0, 0, 0, 0, 0, 0, 0, 0, 0, 0, 0, 0, 24, 20, 19, 24, 14, 11, 1, 0]}, {'name': 'Tuesday', 'data': [0, 0, 0, 0, 0, 0, 0, 0, 0, 0, 0, 0, 0, 0, 0, 0, 6, 11, 22, 25, 17, 20, 30, 0]}, {'name': 'Wednesday', 'data': [0, 0, 0, 0, 0, 0, 0, 0, 0, 0, 0, 0, 0, 0, 0, 0, 14, 24, 27, 48, 41, 40, 30, 0]}, {'name': 'Thursday', 'data': [0, 0, 0, 0, 0, 0, 0, 0, 0, 0, 0, 0, 0, 0, 0, 0, 8, 20, 33, 41, 40, 29, 11, 0]}, {'name': 'Friday', 'data': [0, 0, 0, 0, 0, 0, 0, 0, 0, 0, 0, 0, 0, 0, 0, 0, 22, 54, 79, 100, 100, 79, 51, 38]}, {'name': 'Saturday', 'data': [0, 0, 0, 0, 0, 0, 0, 0, 0, 50, 38, 22, 29, 33, 51, 50, 51, 43, 56, 64, 54, 46, 40, 54]}, {'name': 'Sunday', 'data': [0, 0, 0, 0, 0, 0, 0, 0, 0, 33, 25, 12, 6, 8, 17, 17, 25, 45, 33, 25, 24, 19, 27, 0]}]"
Farmshop,"225 26th St #25, Santa Monica, CA 90402, USA","['Monday: 7:00\u202fAM\u2009–\u20097:00\u202fPM', 'Tuesday: 7:00\u202fAM\u2009–\u20097:00\u202fPM', 'Wednesday: 7:00\u202fAM\u2009–\u20097:00\u202fPM', 'Thursday: 7:00\u202fAM\u2009–\u20097:00\u202fPM', 'Friday: 7:00\u202fAM\u2009–\u20097:00\u202fPM', 'Saturday: 7:00\u202fAM\u2009–\u20097:00\u202fPM', 'Sunday: 7:00\u202fAM\u2009–\u20097:00\u202fPM']","[{'name': 'Monday', 'data': [0, 0, 0, 0, 0, 0, 0, 26, 37, 51, 68, 85, 93, 86, 80, 71, 62, 48, 33, 0, 0, 0, 0, 0]}, {'name': 'Tuesday', 'data': [0, 0, 0, 0, 0, 0, 0, 28, 40, 57, 68, 78, 82, 79, 79, 74, 65, 56, 41, 0, 0, 0, 0, 0]}, {'name': 'Wednesday', 'data': [0, 0, 0, 0, 0, 0, 0, 21, 37, 46, 62, 71, 79, 81, 77, 67, 60, 48, 37, 0, 0, 0, 0, 0]}, {'name': 'Thursday', 'data': [0, 0, 0, 0, 0, 0, 0, 19, 34, 53, 71, 81, 85, 80, 72, 64, 57, 45, 35, 0, 0, 0, 0, 0]}, {'name': 'Friday', 'data': [0, 0, 0, 0, 0, 0, 0, 37, 55, 75, 89, 96, 100, 99, 99, 94, 82, 62, 42, 0, 0, 0, 0, 0]}, {'name': 'Saturday', 'data': [0, 0, 0, 0, 0, 0, 0, 31, 44, 57, 72, 81, 86, 92, 92, 89, 76, 62, 43, 0, 0, 0, 0, 0]}, {'name': 'Sunday', 'data': [0, 0, 0, 0, 0, 0, 0, 9, 19, 33, 57, 77, 83, 84, 80, 72, 62, 49, 37, 0, 0, 0, 0, 0]}]"
Maria Sol,"401 Santa Monica Pier, Santa Monica, CA 90401, USA","['Monday: 12:00\u2009–\u20098:00\u202fPM', 'Tuesday: 12:00\u2009–\u20098:00\u202fPM', 'Wednesday: 12:00\u2009–\u20098:00\u202fPM', 'Thursday: 12:00\u2009–\u20098:00\u202fPM', 'Friday: 12:00\u2009–\u20098:00\u202fPM', 'Saturday: 11:00\u202fAM\u2009–\u20099:00\u202fPM', 'Sunday: 11:00\u202fAM\u2009–\u20099:00\u202fPM']","[{'name': 'Monday', 'data': [0, 0, 0, 0, 0, 0, 0, 0, 0, 0, 0, 0, 5, 7, 5, 13, 28, 44, 42, 21, 0, 0, 0, 0]}, {'name': 'Tuesday', 'data': [0, 0, 0, 0, 0, 0, 0, 0, 0, 0, 0, 0, 18, 21, 31, 39, 36, 47, 50, 44, 0, 0, 0, 0]}, {'name': 'Wednesday', 'data': [0, 0, 0, 0, 0, 0, 0, 0, 0, 0, 0, 0, 21, 50, 39, 50, 52, 42, 34, 23, 0, 0, 0, 0]}, {'name': 'Thursday', 'data': [0, 0, 0, 0, 0, 0, 0, 0, 0, 0, 0, 0, 5, 0, 13, 31, 71, 76, 76, 63, 0, 0, 0, 0]}, {'name': 'Friday', 'data': [0, 0, 0, 0, 0, 0, 0, 0, 0, 0, 0, 0, 39, 50, 52, 57, 57, 86, 89, 84, 0, 0, 0, 0]}, {'name': 'Saturday', 'data': [0, 0, 0, 0, 0, 0, 0, 0, 0, 0, 0, 18, 21, 36, 52, 76, 94, 81, 73, 52, 36, 0, 0, 0]}, {'name': 'Sunday', 'data': [0, 0, 0, 0, 0, 0, 0, 0, 0, 0, 0, 21, 31, 55, 55, 89, 100, 100, 86, 44, 34, 0, 0, 0]}]"
Las Tunas Beach,"19444 Pacific Coast Hwy, Malibu, CA 90265, USA",Not available,"[{'name': 'Monday', 'data': [25, 21, 17, 9, 6, 5, 5, 11, 20, 24, 31, 43, 47, 45, 42, 49, 46, 41, 29, 17, 16, 15, 27, 28]}, {'name': 'Tuesday', 'data': [24, 15, 14, 12, 7, 6, 12, 20, 25, 23, 34, 35, 40, 38, 37, 35, 27, 18, 15, 17, 31, 37, 34, 21]}, {'name': 'Wednesday', 'data': [10, 10, 14, 15, 15, 18, 19, 20, 15, 18, 29, 39, 47, 50, 60, 73, 72, 65, 44, 32, 20, 21, 25, 30]}, {'name': 'Thursday', 'data': [20, 10, 9, 10, 12, 6, 5, 8, 17, 35, 49, 55, 48, 52, 54, 53, 43, 31, 24, 14, 17, 32, 34, 30]}, {'name': 'Friday', 'data': [14, 10, 5, 6, 10, 10, 5, 5, 7, 14, 24, 31, 54, 61, 60, 51, 50, 55, 48, 39, 26, 35, 42, 44]}, {'name': 'Saturday', 'data': [35, 27, 14, 9, 13, 15, 19, 20, 20, 18, 30, 44, 51, 56, 60, 70, 83, 79, 66, 57, 48, 47, 43, 40]}, {'name': 'Sunday', 'data': [25, 14, 10, 12, 5, 7, 5, 7, 11, 18, 34, 45, 60, 75, 90, 100, 98, 83, 63, 43, 40, 40, 41, 32]}]"
Huckleberry Bakery & Cafe,"1014 Wilshire Blvd, Santa Monica, CA 90401, USA","['Monday: 7:00\u202fAM\u2009–\u20093:00\u202fPM', 'Tuesday: 7:00\u202fAM\u2009–\u20093:00\u202fPM', 'Wednesday: 7:00\u202fAM\u2009–\u20093:00\u202fPM', 'Thursday: 7:00\u202fAM\u2009–\u20093:00\u202fPM', 'Friday: 7:00\u202fAM\u2009–\u20093:00\u202fPM', 'Saturday: 7:00\u202fAM\u2009–\u20093:00\u202fPM', 'Sunday: 7:00\u202fAM\u2009–\u20093:00\u202fPM']","[{'name': 'Monday', 'data': [0, 0, 0, 0, 0, 0, 0, 39, 53, 67, 71, 70, 60, 50, 45, 0, 0, 0, 0, 0, 0, 0, 0, 0]}, {'name': 'Tuesday', 'data': [0, 0, 0, 0, 0, 0, 0, 32, 57, 65, 71, 58, 54, 42, 34, 0, 0, 0, 0, 0, 0, 0, 0, 0]}, {'name': 'Wednesday', 'data': [0, 0, 0, 0, 0, 0, 0, 29, 45, 57, 66, 70, 60, 44, 28, 0, 0, 0, 0, 0, 0, 0, 0, 0]}, {'name': 'Thursday', 'data': [0, 0, 0, 0, 0, 0, 0, 22, 34, 51, 50, 52, 47, 46, 41, 0, 0, 0, 0, 0, 0, 0, 0, 0]}, {'name': 'Friday', 'data': [0, 0, 0, 0, 0, 0, 0, 27, 53, 78, 91, 91, 76, 60, 39, 0, 0, 0, 0, 0, 0, 0, 0, 0]}, {'name': 'Saturday', 'data': [0, 0, 0, 0, 0, 0, 0, 45, 80, 100, 98, 80, 69, 51, 36, 0, 0, 0, 0, 0, 0, 0, 0, 0]}, {'name': 'Sunday', 'data': [0, 0, 0, 0, 0, 0, 0, 34, 60, 80, 96, 94, 92, 76, 52, 0, 0, 0, 0, 0, 0, 0, 0, 0]}]"
Franklin D. Murphy Sculpture Garden,"Franklin D. Murphy Sculpture Garden, 245 Charles E Young Dr E, Los Angeles, CA 90095, USA","['Monday: Open 24 hours', 'Tuesday: Open 24 hours', 'Wednesday: Open 24 hours', 'Thursday: Open 24 hours', 'Friday: Open 24 hours', 'Saturday: Open 24 hours', 'Sunday: Open 24 hours']","[{'name': 'Monday', 'data': [2, 1, 4, 11, 10, 9, 5, 9, 13, 30, 40, 56, 61, 75, 81, 92, 82, 59, 27, 16, 11, 17, 19, 13]}, {'name': 'Tuesday', 'data': [14, 19, 21, 19, 8, 6, 9, 18, 27, 43, 57, 71, 91, 90, 80, 69, 64, 61, 58, 36, 25, 7, 2, 0]}, {'name': 'Wednesday', 'data': [1, 3, 2, 3, 32, 38, 31, 28, 26, 31, 45, 63, 79, 78, 79, 65, 60, 38, 32, 23, 25, 17, 11, 7]}, {'name': 'Thursday', 'data': [8, 4, 7, 17, 3, 2, 8, 19, 32, 30, 50, 69, 95, 100, 85, 79, 76, 60, 38, 29, 16, 7, 4, 6]}, {'name': 'Friday', 'data': [3, 1, 2, 3, 6, 8, 14, 17, 34, 61, 92, 90, 79, 77, 71, 76, 51, 57, 32, 30, 32, 29, 18, 10]}, {'name': 'Saturday', 'data': [6, 4, 4, 6, 11, 16, 13, 14, 15, 17, 15, 17, 27, 43, 60, 59, 45, 33, 31, 23, 17, 10, 11, 19]}, {'name': 'Sunday', 'data': [19, 14, 13, 16, 16, 10, 6, 6, 15, 22, 29, 28, 28, 32, 43, 46, 47, 55, 44, 25, 15, 7, 9, 3]}]"
The Cheesecake Factory,"189 The Grove Dr K-90, Los Angeles, CA 90036, USA","['Monday: 11:30\u202fAM\u2009–\u200910:00\u202fPM', 'Tuesday: 11:30\u202fAM\u2009–\u200910:00\u202fPM', 'Wednesday: 11:30\u202fAM\u2009–\u200910:00\u202fPM', 'Thursday: 11:30\u202fAM\u2009–\u200910:00\u202fPM', 'Friday: 11:30\u202fAM\u2009–\u200911:00\u202fPM', 'Saturday: 11:00\u202fAM\u2009–\u200911:00\u202fPM', 'Sunday: 10:00\u202fAM\u2009–\u200910:00\u202fPM']","[{'name': 'Monday', 'data': [0, 0, 0, 0, 0, 0, 0, 0, 0, 0, 0, 14, 22, 31, 36, 41, 47, 55, 64, 67, 61, 47, 0, 0]}, {'name': 'Tuesday', 'data': [0, 0, 0, 0, 0, 0, 0, 0, 0, 0, 0, 18, 29, 37, 41, 44, 48, 55, 64, 69, 63, 49, 0, 0]}, {'name': 'Wednesday', 'data': [0, 0, 0, 0, 0, 0, 0, 0, 0, 0, 0, 15, 26, 35, 41, 47, 52, 58, 65, 65, 56, 41, 0, 0]}, {'name': 'Thursday', 'data': [0, 0, 0, 0, 0, 0, 0, 0, 0, 0, 0, 21, 31, 36, 39, 42, 47, 53, 58, 62, 56, 45, 0, 0]}, {'name': 'Friday', 'data': [0, 0, 0, 0, 0, 0, 0, 0, 0, 0, 0, 19, 28, 39, 47, 54, 58, 62, 69, 76, 76, 67, 52, 0]}, {'name': 'Saturday', 'data': [0, 0, 0, 0, 0, 0, 0, 0, 0, 0, 0, 38, 59, 75, 82, 84, 87, 91, 96, 99, 100, 93, 79, 0]}, {'name': 'Sunday', 'data': [0, 0, 0, 0, 0, 0, 0, 0, 0, 0, 20, 37, 57, 71, 83, 88, 93, 91, 93, 90, 78, 54, 0, 0]}]"
North Italia,"1442 2nd St, Santa Monica, CA 90401, USA","['Monday: 11:00\u202fAM\u2009–\u200910:00\u202fPM', 'Tuesday: 11:00\u202fAM\u2009–\u200910:00\u202fPM', 'Wednesday: 11:00\u202fAM\u2009–\u200910:00\u202fPM', 'Thursday: 11:00\u202fAM\u2009–\u200910:00\u202fPM', 'Friday: 11:00\u202fAM\u2009–\u200911:00\u202fPM', 'Saturday: 11:00\u202fAM\u2009–\u200911:00\u202fPM', 'Sunday: 11:00\u202fAM\u2009–\u200910:00\u202fPM']","[{'name': 'Monday', 'data': [0, 0, 0, 0, 0, 0, 0, 0, 0, 0, 0, 16, 24, 33, 33, 32, 36, 41, 50, 43, 34, 17, 0, 0]}, {'name': 'Tuesday', 'data': [0, 0, 0, 0, 0, 0, 0, 0, 0, 0, 0, 22, 35, 39, 38, 37, 41, 45, 47, 45, 36, 27, 0, 0]}, {'name': 'Wednesday', 'data': [0, 0, 0, 0, 0, 0, 0, 0, 0, 0, 0, 10, 23, 35, 45, 45, 47, 48, 55, 49, 40, 23, 0, 0]}, {'name': 'Thursday', 'data': [0, 0, 0, 0, 0, 0, 0, 0, 0, 0, 0, 16, 23, 29, 30, 34, 41, 48, 51, 54, 41, 32, 0, 0]}, {'name': 'Friday', 'data': [0, 0, 0, 0, 0, 0, 0, 0, 0, 0, 0, 23, 34, 41, 43, 51, 57, 67, 75, 76, 68, 48, 32, 0]}, {'name': 'Saturday', 'data': [0, 0, 0, 0, 0, 0, 0, 0, 0, 0, 0, 31, 51, 61, 75, 84, 89, 100, 100, 88, 72, 52, 34, 0]}, {'name': 'Sunday', 'data': [0, 0, 0, 0, 0, 0, 0, 0, 0, 0, 0, 32, 48, 63, 70, 76, 81, 89, 90, 87, 68, 43, 0, 0]}]"
Domino's Pizza,"7220 Sunset Blvd, Los Angeles, CA 90046, USA","['Monday: 10:30\u202fAM\u2009–\u200912:00\u202fAM', 'Tuesday: 10:30\u202fAM\u2009–\u200912:00\u202fAM', 'Wednesday: 10:30\u202fAM\u2009–\u200912:00\u202fAM', 'Thursday: 10:30\u202fAM\u2009–\u200912:00\u202fAM', 'Friday: 10:30\u202fAM\u2009–\u20091:00\u202fAM', 'Saturday: 10:30\u202fAM\u2009–\u20091:00\u202fAM', 'Sunday: 10:30\u202fAM\u2009–\u200912:00\u202fAM']","[{'name': 'Monday', 'data': [0, 0, 0, 0, 0, 0, 0, 0, 0, 0, 33, 50, 41, 25, 25, 33, 25, 25, 25, 16, 33, 16, 8, 0]}, {'name': 'Tuesday', 'data': [0, 0, 0, 0, 0, 0, 0, 0, 0, 0, 41, 16, 25, 41, 91, 66, 91, 66, 100, 83, 41, 16, 25, 58]}, {'name': 'Wednesday', 'data': [0, 0, 0, 0, 0, 0, 0, 0, 0, 0, 16, 25, 8, 8, 16, 8, 0, 8, 33, 58, 83, 100, 58, 25]}, {'name': 'Thursday', 'data': [0, 0, 0, 0, 0, 0, 0, 0, 0, 0, 33, 8, 0, 0, 0, 8, 16, 16, 33, 33, 41, 50, 33, 8]}, {'name': 'Friday', 'data': [0, 0, 0, 0, 0, 0, 0, 0, 0, 0, 16, 16, 25, 16, 33, 83, 100, 75, 33, 16, 25, 25, 33, 33]}, {'name': 'Saturday', 'data': [41, 0, 0, 0, 0, 0, 0, 0, 0, 0, 0, 0, 0, 25, 50, 75, 66, 91, 75, 33, 8, 0, 0, 0]}, {'name': 'Sunday', 'data': [0, 0, 0, 0, 0, 0, 0, 0, 0, 0, 33, 41, 66, 58, 25, 16, 8, 41, 75, 83, 75, 58, 41, 58]}]"
Santa Monica State Beach,"Santa Monica State Beach, California, USA",Not available,Not available
West Coaster,"380 Santa Monica Pier, Santa Monica, CA 90401, USA",Not available,Not available
UOVO | Santa Monica,"1320 2nd St Ste A, Santa Monica, CA 90401, USA","['Monday: 11:30\u202fAM\u2009–\u200910:00\u202fPM', 'Tuesday: 11:30\u202fAM\u2009–\u200910:00\u202fPM', 'Wednesday: 11:30\u202fAM\u2009–\u200910:00\u202fPM', 'Thursday: 11:30\u202fAM\u2009–\u200910:00\u202fPM', 'Friday: 11:30\u202fAM\u2009–\u200910:00\u202fPM', 'Saturday: 11:30\u202fAM\u2009–\u200910:00\u202fPM', 'Sunday: 11:30\u202fAM\u2009–\u200910:00\u202fPM']","[{'name': 'Monday', 'data': [0, 0, 0, 0, 0, 0, 0, 0, 0, 0, 0, 9, 18, 32, 28, 22, 23, 29, 55, 55, 45, 20, 0, 0]}, {'name': 'Tuesday', 'data': [0, 0, 0, 0, 0, 0, 0, 0, 0, 0, 0, 18, 34, 59, 49, 40, 24, 32, 45, 48, 34, 19, 0, 0]}, {'name': 'Wednesday', 'data': [0, 0, 0, 0, 0, 0, 0, 0, 0, 0, 0, 16, 35, 41, 41, 39, 38, 34, 34, 35, 34, 40, 0, 0]}, {'name': 'Thursday', 'data': [0, 0, 0, 0, 0, 0, 0, 0, 0, 0, 0, 43, 45, 50, 46, 27, 28, 46, 55, 48, 37, 22, 0, 0]}, {'name': 'Friday', 'data': [0, 0, 0, 0, 0, 0, 0, 0, 0, 0, 0, 23, 39, 41, 53, 48, 48, 51, 64, 75, 61, 58, 0, 0]}, {'name': 'Saturday', 'data': [0, 0, 0, 0, 0, 0, 0, 0, 0, 0, 0, 33, 40, 38, 45, 45, 64, 69, 90, 100, 81, 50, 0, 0]}, {'name': 'Sunday', 'data': [0, 0, 0, 0, 0, 0, 0, 0, 0, 0, 0, 32, 50, 58, 54, 59, 60, 71, 76, 75, 75, 62, 0, 0]}]"
Douglas Park,"2439 Wilshire Blvd, Santa Monica, CA 90403, USA","['Monday: 6:00\u202fAM\u2009–\u200911:00\u202fPM', 'Tuesday: 6:00\u202fAM\u2009–\u200911:00\u202fPM', 'Wednesday: 6:00\u202fAM\u2009–\u200911:00\u202fPM', 'Thursday: 6:00\u202fAM\u2009–\u200911:00\u202fPM', 'Friday: 6:00\u202fAM\u2009–\u200911:00\u202fPM', 'Saturday: 6:00\u202fAM\u2009–\u200911:00\u202fPM', 'Sunday: 6:00\u202fAM\u2009–\u200911:00\u202fPM']","[{'name': 'Monday', 'data': [0, 0, 0, 0, 0, 0, 14, 33, 46, 70, 84, 97, 100, 96, 89, 78, 69, 55, 41, 27, 21, 17, 17, 0]}, {'name': 'Tuesday', 'data': [0, 0, 0, 0, 0, 0, 9, 22, 35, 51, 65, 77, 78, 77, 67, 67, 61, 51, 37, 27, 22, 18, 15, 0]}, {'name': 'Wednesday', 'data': [0, 0, 0, 0, 0, 0, 11, 21, 39, 50, 66, 75, 75, 72, 74, 70, 61, 47, 36, 28, 23, 13, 11, 0]}, {'name': 'Thursday', 'data': [0, 0, 0, 0, 0, 0, 8, 14, 34, 56, 76, 81, 80, 77, 75, 77, 75, 56, 39, 22, 14, 11, 14, 0]}, {'name': 'Friday', 'data': [0, 0, 0, 0, 0, 0, 8, 24, 44, 64, 76, 83, 83, 79, 77, 74, 70, 59, 48, 38, 33, 19, 15, 0]}, {'name': 'Saturday', 'data': [0, 0, 0, 0, 0, 0, 8, 18, 31, 51, 65, 73, 76, 72, 78, 73, 67, 51, 34, 22, 14, 12, 12, 0]}, {'name': 'Sunday', 'data': [0, 0, 0, 0, 0, 0, 6, 16, 27, 40, 53, 61, 62, 67, 68, 67, 57, 45, 39, 25, 20, 11, 11, 0]}]"
Santa Monica Pier Carousel,"1624 Ocean Front Walk, Santa Monica, CA 90401, USA","['Monday: 11:00\u202fAM\u2009–\u20095:00\u202fPM', 'Tuesday: Closed', 'Wednesday: Closed', 'Thursday: 11:00\u202fAM\u2009–\u20095:00\u202fPM', 'Friday: 11:00\u202fAM\u2009–\u20097:00\u202fPM', 'Saturday: 11:00\u202fAM\u2009–\u20097:00\u202fPM', 'Sunday: 11:00\u202fAM\u2009–\u20097:00\u202fPM']",Not available
Universal Studios Hollywood,"100 Universal City Plaza, Universal City, CA 91608, USA","['Monday: 10:00\u202fAM\u2009–\u20096:00\u202fPM', 'Tuesday: 10:00\u202fAM\u2009–\u20096:00\u202fPM', 'Wednesday: 10:00\u202fAM\u2009–\u20096:00\u202fPM', 'Thursday: 10:00\u202fAM\u2009–\u20096:00\u202fPM', 'Friday: 10:00\u202fAM\u2009–\u20096:00\u202fPM', 'Saturday: 9:00\u202fAM\u2009–\u20099:00\u202fPM', 'Sunday: 9:00\u202fAM\u2009–\u20099:00\u202fPM']","[{'name': 'Monday', 'data': [0, 0, 0, 0, 0, 0, 0, 0, 0, 0, 38, 48, 56, 61, 63, 62, 60, 56, 0, 0, 0, 0, 0, 0]}, {'name': 'Tuesday', 'data': [0, 0, 0, 0, 0, 0, 0, 0, 0, 0, 35, 45, 52, 56, 57, 57, 55, 53, 0, 0, 0, 0, 0, 0]}, {'name': 'Wednesday', 'data': [0, 0, 0, 0, 0, 0, 0, 0, 0, 0, 33, 43, 51, 57, 61, 63, 64, 64, 0, 0, 0, 0, 0, 0]}, {'name': 'Thursday', 'data': [0, 0, 0, 0, 0, 0, 0, 0, 0, 0, 40, 52, 60, 65, 67, 69, 69, 68, 0, 0, 0, 0, 0, 0]}, {'name': 'Friday', 'data': [0, 0, 0, 0, 0, 0, 0, 0, 0, 0, 42, 53, 61, 67, 70, 72, 73, 74, 0, 0, 0, 0, 0, 0]}, {'name': 'Saturday', 'data': [0, 0, 0, 0, 0, 0, 0, 0, 0, 33, 46, 58, 67, 75, 81, 86, 90, 94, 98, 100, 0, 0, 0, 0]}, {'name': 'Sunday', 'data': [0, 0, 0, 0, 0, 0, 0, 0, 0, 30, 44, 57, 68, 77, 84, 88, 90, 90, 88, 83, 0, 0, 0, 0]}]"
Blue Plate Taco,"1515 Ocean Ave, Santa Monica, CA 90401, USA","['Monday: 11:30\u202fAM\u2009–\u200910:00\u202fPM', 'Tuesday: 11:30\u202fAM\u2009–\u200910:00\u202fPM', 'Wednesday: 11:30\u202fAM\u2009–\u200910:00\u202fPM', 'Thursday: 11:30\u202fAM\u2009–\u200910:00\u202fPM', 'Friday: 11:30\u202fAM\u2009–\u200910:00\u202fPM', 'Saturday: 11:00\u202fAM\u2009–\u200910:00\u202fPM', 'Sunday: 11:00\u202fAM\u2009–\u200910:00\u202fPM']","[{'name': 'Monday', 'data': [0, 0, 0, 0, 0, 0, 0, 0, 0, 0, 0, 19, 34, 43, 44, 44, 40, 42, 43, 37, 29, 14, 0, 0]}, {'name': 'Tuesday', 'data': [0, 0, 0, 0, 0, 0, 0, 0, 0, 0, 0, 15, 26, 40, 45, 47, 44, 37, 41, 45, 44, 29, 0, 0]}, {'name': 'Wednesday', 'data': [0, 0, 0, 0, 0, 0, 0, 0, 0, 0, 0, 27, 42, 47, 42, 39, 45, 55, 68, 73, 64, 46, 0, 0]}, {'name': 'Thursday', 'data': [0, 0, 0, 0, 0, 0, 0, 0, 0, 0, 0, 22, 36, 48, 46, 44, 42, 56, 61, 58, 52, 37, 0, 0]}, {'name': 'Friday', 'data': [0, 0, 0, 0, 0, 0, 0, 0, 0, 0, 0, 18, 35, 47, 55, 63, 59, 60, 61, 61, 50, 38, 0, 0]}, {'name': 'Saturday', 'data': [0, 0, 0, 0, 0, 0, 0, 0, 0, 0, 0, 19, 45, 66, 86, 91, 96, 100, 100, 93, 76, 54, 0, 0]}, {'name': 'Sunday', 'data': [0, 0, 0, 0, 0, 0, 0, 0, 0, 0, 0, 30, 46, 61, 81, 85, 80, 75, 67, 64, 52, 38, 0, 0]}]"
Hillstone,"202 Wilshire Blvd, Santa Monica, CA 90401, USA","['Monday: 11:30\u202fAM\u2009–\u20099:00\u202fPM', 'Tuesday: 11:30\u202fAM\u2009–\u20099:00\u202fPM', 'Wednesday: 11:30\u202fAM\u2009–\u20099:00\u202fPM', 'Thursday: 11:30\u202fAM\u2009–\u200910:00\u202fPM', 'Friday: 11:30\u202fAM\u2009–\u200910:00\u202fPM', 'Saturday: 11:30\u202fAM\u2009–\u200910:00\u202fPM', 'Sunday: 11:30\u202fAM\u2009–\u20099:00\u202fPM']","[{'name': 'Monday', 'data': [0, 0, 0, 0, 0, 0, 0, 0, 0, 0, 0, 18, 34, 41, 41, 38, 39, 39, 45, 44, 34, 0, 0, 0]}, {'name': 'Tuesday', 'data': [0, 0, 0, 0, 0, 0, 0, 0, 0, 0, 0, 28, 38, 44, 43, 44, 44, 48, 50, 47, 37, 0, 0, 0]}, {'name': 'Wednesday', 'data': [0, 0, 0, 0, 0, 0, 0, 0, 0, 0, 0, 28, 45, 44, 40, 39, 39, 43, 44, 38, 24, 0, 0, 0]}, {'name': 'Thursday', 'data': [0, 0, 0, 0, 0, 0, 0, 0, 0, 0, 0, 22, 32, 40, 41, 38, 35, 37, 38, 41, 36, 26, 0, 0]}, {'name': 'Friday', 'data': [0, 0, 0, 0, 0, 0, 0, 0, 0, 0, 0, 26, 37, 44, 42, 42, 46, 56, 62, 64, 55, 40, 0, 0]}, {'name': 'Saturday', 'data': [0, 0, 0, 0, 0, 0, 0, 0, 0, 0, 0, 32, 51, 62, 75, 82, 89, 88, 86, 80, 76, 58, 0, 0]}, {'name': 'Sunday', 'data': [0, 0, 0, 0, 0, 0, 0, 0, 0, 0, 0, 36, 58, 69, 82, 93, 100, 89, 82, 70, 54, 0, 0, 0]}]"
Palisades Village,"15225 Palisades Village Ln, Pacific Palisades, CA 90272, USA",Not available,Not available
Forma Restaurant & Cheese Bar Santa Monica,"1610 Montana Ave, Santa Monica, CA 90403, USA","['Monday: 11:00\u202fAM\u2009–\u20098:45\u202fPM', 'Tuesday: 11:00\u202fAM\u2009–\u20098:45\u202fPM', 'Wednesday: 11:00\u202fAM\u2009–\u20099:00\u202fPM', 'Thursday: 11:00\u202fAM\u2009–\u20099:00\u202fPM', 'Friday: 11:00\u202fAM\u2009–\u20099:45\u202fPM', 'Saturday: 11:00\u202fAM\u2009–\u20099:45\u202fPM', 'Sunday: 11:00\u202fAM\u2009–\u20098:45\u202fPM']","[{'name': 'Monday', 'data': [0, 0, 0, 0, 0, 0, 0, 0, 0, 0, 0, 9, 16, 22, 32, 43, 58, 67, 71, 65, 49, 0, 0, 0]}, {'name': 'Tuesday', 'data': [0, 0, 0, 0, 0, 0, 0, 0, 0, 0, 0, 14, 14, 14, 29, 35, 49, 64, 80, 77, 64, 0, 0, 0]}, {'name': 'Wednesday', 'data': [0, 0, 0, 0, 0, 0, 0, 0, 0, 0, 0, 23, 25, 29, 30, 43, 50, 54, 62, 64, 53, 0, 0, 0]}, {'name': 'Thursday', 'data': [0, 0, 0, 0, 0, 0, 0, 0, 0, 0, 0, 11, 20, 34, 32, 32, 35, 54, 66, 71, 55, 0, 0, 0]}, {'name': 'Friday', 'data': [0, 0, 0, 0, 0, 0, 0, 0, 0, 0, 0, 20, 20, 23, 29, 43, 62, 76, 100, 98, 88, 59, 0, 0]}, {'name': 'Saturday', 'data': [0, 0, 0, 0, 0, 0, 0, 0, 0, 0, 0, 38, 53, 65, 64, 70, 75, 88, 91, 95, 69, 45, 0, 0]}, {'name': 'Sunday', 'data': [0, 0, 0, 0, 0, 0, 0, 0, 0, 0, 0, 18, 24, 35, 45, 56, 69, 77, 82, 70, 54, 0, 0, 0]}]"
The Courtyard Kitchen,"1211 Montana Ave #C, Santa Monica, CA 90403, USA","['Monday: 8:00\u202fAM\u2009–\u20093:00\u202fPM', 'Tuesday: 8:00\u202fAM\u2009–\u200910:00\u202fPM', 'Wednesday: 8:00\u202fAM\u2009–\u200910:00\u202fPM', 'Thursday: 8:00\u202fAM\u2009–\u200910:00\u202fPM', 'Friday: 8:00\u202fAM\u2009–\u200910:00\u202fPM', 'Saturday: 8:00\u202fAM\u2009–\u200910:00\u202fPM', 'Sunday: 8:00\u202fAM\u2009–\u200910:00\u202fPM']","[{'name': 'Monday', 'data': [0, 0, 0, 0, 0, 0, 0, 0, 13, 25, 45, 66, 71, 55, 30, 0, 0, 0, 0, 0, 0, 0, 0, 0]}, {'name': 'Tuesday', 'data': [0, 0, 0, 0, 0, 0, 0, 0, 20, 35, 61, 74, 61, 54, 40, 35, 35, 40, 40, 25, 22, 11, 0, 0]}, {'name': 'Wednesday', 'data': [0, 0, 0, 0, 0, 0, 0, 0, 30, 44, 59, 69, 74, 74, 57, 42, 35, 40, 45, 49, 38, 25, 0, 0]}, {'name': 'Thursday', 'data': [0, 0, 0, 0, 0, 0, 0, 0, 11, 30, 45, 61, 69, 71, 49, 30, 25, 35, 38, 40, 20, 8, 0, 0]}, {'name': 'Friday', 'data': [0, 0, 0, 0, 0, 0, 0, 0, 27, 50, 71, 79, 79, 83, 72, 52, 44, 44, 54, 54, 47, 30, 0, 0]}, {'name': 'Saturday', 'data': [0, 0, 0, 0, 0, 0, 0, 0, 37, 64, 76, 84, 91, 100, 96, 81, 72, 69, 71, 57, 38, 25, 0, 0]}, {'name': 'Sunday', 'data': [0, 0, 0, 0, 0, 0, 0, 0, 18, 32, 59, 77, 94, 84, 71, 61, 54, 61, 57, 52, 30, 22, 0, 0]}]"
The Palisades Villa,"16629 Sunset Blvd, Pacific Palisades, CA 90272, USA","['Monday: Open 24 hours', 'Tuesday: Open 24 hours', 'Wednesday: Open 24 hours', 'Thursday: Open 24 hours', 'Friday: 12:00\u202fAM\u2009–\u200912:00\u202fPM', 'Saturday: Open 24 hours', 'Sunday: Open 24 hours']",Not available
R+D Kitchen,"1323 Montana Ave, Santa Monica, CA 90403, USA","['Monday: 11:30\u202fAM\u2009–\u20099:00\u202fPM', 'Tuesday: 11:30\u202fAM\u2009–\u20099:00\u202fPM', 'Wednesday: 11:30\u202fAM\u2009–\u20099:00\u202fPM', 'Thursday: 11:30\u202fAM\u2009–\u200910:00\u202fPM', 'Friday: 11:30\u202fAM\u2009–\u200910:00\u202fPM', 'Saturday: 11:00\u202fAM\u2009–\u200910:00\u202fPM', 'Sunday: 11:00\u202fAM\u2009–\u20099:00\u202fPM']","[{'name': 'Monday', 'data': [0, 0, 0, 0, 0, 0, 0, 0, 0, 0, 0, 22, 43, 49, 50, 52, 58, 71, 62, 50, 32, 0, 0, 0]}, {'name': 'Tuesday', 'data': [0, 0, 0, 0, 0, 0, 0, 0, 0, 0, 0, 28, 50, 66, 52, 56, 60, 62, 54, 47, 43, 0, 0, 0]}, {'name': 'Wednesday', 'data': [0, 0, 0, 0, 0, 0, 0, 0, 0, 0, 0, 24, 49, 64, 73, 56, 54, 45, 45, 33, 18, 0, 0, 0]}, {'name': 'Thursday', 'data': [0, 0, 0, 0, 0, 0, 0, 0, 0, 0, 0, 15, 33, 41, 37, 41, 47, 50, 43, 43, 41, 33, 0, 0]}, {'name': 'Friday', 'data': [0, 0, 0, 0, 0, 0, 0, 0, 0, 0, 0, 52, 71, 98, 100, 90, 79, 73, 73, 49, 43, 22, 0, 0]}, {'name': 'Saturday', 'data': [0, 0, 0, 0, 0, 0, 0, 0, 0, 0, 0, 7, 24, 49, 64, 66, 66, 67, 64, 58, 52, 39, 0, 0]}, {'name': 'Sunday', 'data': [0, 0, 0, 0, 0, 0, 0, 0, 0, 0, 0, 32, 37, 54, 62, 66, 56, 52, 62, 56, 52, 0, 0, 0]}]"
Palisades Drive,"Palisades Dr, Los Angeles, CA 90272, USA",Not available,Not available
Santa Monica Ghost Tours,"119 Broadway, Santa Monica, CA 90401, USA",Not available,Not available
Old Santa Monica Forestry Station,"178 Latimer Rd, Santa Monica, CA 90402, USA","['Monday: Open 24 hours', 'Tuesday: Open 24 hours', 'Wednesday: Open 24 hours', 'Thursday: Open 24 hours', 'Friday: Open 24 hours', 'Saturday: Open 24 hours', 'Sunday: Open 24 hours']","[{'name': 'Monday', 'data': [42, 35, 57, 64, 0, 0, 0, 14, 14, 28, 28, 21, 21, 21, 50, 71, 100, 92, 85, 42, 28, 21, 35, 50]}, {'name': 'Tuesday', 'data': [64, 57, 21, 7, 0, 0, 0, 7, 21, 21, 28, 42, 42, 35, 14, 7, 7, 14, 14, 14, 7, 0, 0, 7]}, {'name': 'Wednesday', 'data': [21, 42, 21, 7, 28, 14, 7, 0, 14, 28, 35, 21, 28, 7, 7, 0, 7, 14, 7, 0, 7, 21, 35, 14]}, {'name': 'Thursday', 'data': [7, 0, 7, 14, 35, 50, 50, 42, 14, 28, 28, 42, 28, 42, 14, 14, 21, 42, 57, 35, 14, 0, 0, 7]}, {'name': 'Friday', 'data': [28, 42, 21, 28, 14, 14, 0, 0, 7, 14, 7, 0, 0, 21, 28, 64, 42, 28, 0, 0, 0, 0, 0, 0]}, {'name': 'Saturday', 'data': [0, 7, 14, 35, 35, 21, 28, 21, 7, 0, 7, 14, 14, 14, 28, 14, 14, 28, 35, 28, 28, 21, 28, 21]}, {'name': 'Sunday', 'data': [35, 42, 57, 35, 50, 21, 7, 0, 7, 7, 14, 14, 21, 35, 28, 50, 42, 50, 28, 28, 35, 42, 28, 35]}]"
Rock N Pies,"1120 Wilshire Blvd, Santa Monica, CA 90401, USA","['Monday: 4:30\u202fPM\u2009–\u200912:00\u202fAM', 'Tuesday: 11:30\u202fAM\u2009–\u200912:00\u202fAM', 'Wednesday: 11:30\u202fAM\u2009–\u200912:00\u202fAM', 'Thursday: 11:30\u202fAM\u2009–\u200912:00\u202fAM', 'Friday: 11:30\u202fAM\u2009–\u20091:30\u202fAM', 'Saturday: 11:30\u202fAM\u2009–\u20092:00\u202fAM', 'Sunday: 10:00\u202fAM\u2009–\u200912:00\u202fAM']","[{'name': 'Monday', 'data': [0, 0, 0, 0, 0, 0, 0, 0, 0, 0, 0, 0, 0, 0, 0, 0, 35, 52, 50, 40, 28, 23, 21, 11]}, {'name': 'Tuesday', 'data': [0, 0, 0, 0, 0, 0, 0, 0, 0, 0, 0, 9, 19, 26, 21, 21, 14, 19, 26, 42, 42, 40, 42, 50]}, {'name': 'Wednesday', 'data': [0, 0, 0, 0, 0, 0, 0, 0, 0, 0, 0, 4, 9, 19, 16, 21, 16, 33, 33, 47, 50, 50, 50, 21]}, {'name': 'Thursday', 'data': [0, 0, 0, 0, 0, 0, 0, 0, 0, 0, 0, 4, 14, 14, 21, 16, 26, 40, 50, 50, 52, 40, 28, 23]}, {'name': 'Friday', 'data': [0, 0, 0, 0, 0, 0, 0, 0, 0, 0, 0, 14, 38, 38, 33, 21, 30, 54, 64, 61, 42, 23, 23, 26]}, {'name': 'Saturday', 'data': [26, 14, 0, 0, 0, 0, 0, 0, 0, 0, 0, 0, 4, 11, 26, 14, 16, 30, 45, 42, 38, 52, 80, 100]}, {'name': 'Sunday', 'data': [83, 59, 0, 0, 0, 0, 0, 0, 0, 0, 16, 11, 19, 21, 23, 11, 11, 21, 45, 61, 64, 42, 26, 9]}]"
A Votre Santé,"13016 San Vicente Blvd, Los Angeles, CA 90049, USA","['Monday: 11:00\u202fAM\u2009–\u20098:30\u202fPM', 'Tuesday: 11:00\u202fAM\u2009–\u20098:30\u202fPM', 'Wednesday: 11:00\u202fAM\u2009–\u20098:30\u202fPM', 'Thursday: 11:00\u202fAM\u2009–\u20098:30\u202fPM', 'Friday: 11:00\u202fAM\u2009–\u20099:00\u202fPM', 'Saturday: 10:00\u202fAM\u2009–\u20099:00\u202fPM', 'Sunday: 10:00\u202fAM\u2009–\u20098:30\u202fPM']","[{'name': 'Monday', 'data': [0, 0, 0, 0, 0, 0, 0, 0, 0, 0, 0, 43, 90, 100, 56, 37, 15, 9, 9, 12, 9, 0, 0, 0]}, {'name': 'Tuesday', 'data': [0, 0, 0, 0, 0, 0, 0, 0, 0, 0, 0, 50, 21, 25, 25, 15, 25, 34, 46, 46, 28, 0, 0, 0]}, {'name': 'Wednesday', 'data': [0, 0, 0, 0, 0, 0, 0, 0, 0, 0, 0, 25, 37, 68, 56, 40, 34, 59, 62, 40, 18, 0, 0, 0]}, {'name': 'Thursday', 'data': [0, 0, 0, 0, 0, 0, 0, 0, 0, 0, 0, 15, 12, 15, 21, 18, 21, 37, 59, 56, 28, 0, 0, 0]}, {'name': 'Friday', 'data': [0, 0, 0, 0, 0, 0, 0, 0, 0, 0, 0, 65, 62, 90, 78, 56, 40, 53, 46, 37, 15, 0, 0, 0]}, {'name': 'Saturday', 'data': [0, 0, 0, 0, 0, 0, 0, 0, 0, 0, 18, 43, 59, 68, 59, 31, 12, 3, 15, 18, 37, 0, 0, 0]}, {'name': 'Sunday', 'data': [0, 0, 0, 0, 0, 0, 0, 0, 0, 0, 37, 43, 37, 31, 28, 53, 65, 59, 50, 28, 9, 0, 0, 0]}]"
